Workbook

Sheet Dashboard
A1: ARITZIA-INSPIRED BUYER DASHBOARD
A2: Product Performance • Inventory • Pricing • Merchandising
A4: TOTAL INVENTORY | E4: PRODUCTS | I4: AVG PRICE | M4: AVG MARKDOWN | Q4: RETURN RATE
A5: =TotalInventory -> 54265 | E5: =TotalProducts -> 2176 | I5: =AvgCurrentPrice -> 85.499596 | M5: =OverallAvgMarkdown -> 12.144715 | Q5: =OverallReturnRate -> 0.14705882
A9: Category Snapshot (select a category): | E9: Accessories
A10: Total Stock (this category) | E10: =INDEX('Pivot Summaries'!$B$3:$B$8,MATCH($E$9,'Pivot Summaries'!$A$3:$A$8,0)) -> 10541
A11: Return Rate (this category) | E11: =INDEX('Pivot Summaries'!$B$26:$B$31,MATCH($E$9,'Pivot Summaries'!$A$26:$A$31,0)) -> 0.13681592
A13: Buyer Attention
A14: Alert | B14: Count | C14: Recommendation
A15: Overstock Review | B15: =COUNTIFS('Raw Data'!$O$2:$O$2177,"High",'Raw Data'!$P$2:$P$2177,"High") -> 188 | C15: High stock + high markdown. Review for potential overstock.
A16: Low Inventory | B16: =COUNTIF('Raw Data'!$O$2:$O$2177,"Low") -> 775 | C16: Stock in bottom tercile. Monitor availability.
A17: Markdown Review | B17: =COUNTIF('Pivot Summaries'!$B$12:$B$15,">"&OverallAvgMarkdown) -> 1 | C17: Season(s) above overall avg markdown (highlighted in Pivot Summaries). Review markdown strategy.
A18: Return Review | B18: =COUNTIF('Pivot Summaries'!$B$26:$B$31,">"&OverallReturnRate) -> 4 | C18: Categories above overall return rate (highlighted in Pivot Summaries). Review product/return patterns.

Sheet Pivot Summaries
A1: Inventory by Category
A2: Category | B2: Total Stock Quantity
A3: Accessories | B3: =SUMIFS('Raw Data'!$K$2:$K$2177,'Raw Data'!$B$2:$B$2177,A3) -> 10541
A4: Bottoms | B4: =SUMIFS('Raw Data'!$K$2:$K$2177,'Raw Data'!$B$2:$B$2177,A4) -> 9442
A5: Dresses | B5: =SUMIFS('Raw Data'!$K$2:$K$2177,'Raw Data'!$B$2:$B$2177,A5) -> 7928
A6: Outerwear | B6: =SUMIFS('Raw Data'!$K$2:$K$2177,'Raw Data'!$B$2:$B$2177,A6) -> 8368
A7: Shoes | B7: =SUMIFS('Raw Data'!$K$2:$K$2177,'Raw Data'!$B$2:$B$2177,A7) -> 9118
A8: Tops | B8: =SUMIFS('Raw Data'!$K$2:$K$2177,'Raw Data'!$B$2:$B$2177,A8) -> 8868
A10: Average Markdown by Season
A11: Season | B11: Avg Markdown %
A12: Spring | B12: =AVERAGEIFS('Raw Data'!$H$2:$H$2177,'Raw Data'!$D$2:$D$2177,A12) -> 11.839439
A13: Summer | B13: =AVERAGEIFS('Raw Data'!$H$2:$H$2177,'Raw Data'!$D$2:$D$2177,A13) -> 12.492348
A14: Fall | B14: =AVERAGEIFS('Raw Data'!$H$2:$H$2177,'Raw Data'!$D$2:$D$2177,A14) -> 12.09614
A15: Winter | B15: =AVERAGEIFS('Raw Data'!$H$2:$H$2177,'Raw Data'!$D$2:$D$2177,A15) -> 12.125287
A17: Inventory by Season
A18: Season | B18: Total Stock Quantity
A19: Spring | B19: =SUMIFS('Raw Data'!$K$2:$K$2177,'Raw Data'!$D$2:$D$2177,A19) -> 13720
A20: Summer | B20: =SUMIFS('Raw Data'!$K$2:$K$2177,'Raw Data'!$D$2:$D$2177,A20) -> 14307
A21: Fall | B21: =SUMIFS('Raw Data'!$K$2:$K$2177,'Raw Data'!$D$2:$D$2177,A21) -> 13448
A22: Winter | B22: =SUMIFS('Raw Data'!$K$2:$K$2177,'Raw Data'!$D$2:$D$2177,A22) -> 12790
A24: Return Rate by Category
A25: Category | B25: Return Rate
A26: Accessories | B26: =COUNTIFS('Raw Data'!$B$2:$B$2177,A26,'Raw Data'!$M$2:$M$2177,TRUE())/COUNTIFS('Raw Data'!$B$2:$B$2177,A26) -> 0.13681592
A27: Bottoms | B27: =COUNTIFS('Raw Data'!$B$2:$B$2177,A27,'Raw Data'!$M$2:$M$2177,TRUE())/COUNTIFS('Raw Data'!$B$2:$B$2177,A27) -> 0.15816327
A28: Dresses | B28: =COUNTIFS('Raw Data'!$B$2:$B$2177,A28,'Raw Data'!$M$2:$M$2177,TRUE())/COUNTIFS('Raw Data'!$B$2:$B$2177,A28) -> 0.14826498
A29: Outerwear | B29: =COUNTIFS('Raw Data'!$B$2:$B$2177,A29,'Raw Data'!$M$2:$M$2177,TRUE())/COUNTIFS('Raw Data'!$B$2:$B$2177,A29) -> 0.16167665
A30: Shoes | B30: =COUNTIFS('Raw Data'!$B$2:$B$2177,A30,'Raw Data'!$M$2:$M$2177,TRUE())/COUNTIFS('Raw Data'!$B$2:$B$2177,A30) -> 0.15053763
A31: Tops | B31: =COUNTIFS('Raw Data'!$B$2:$B$2177,A31,'Raw Data'!$M$2:$M$2177,TRUE())/COUNTIFS('Raw Data'!$B$2:$B$2177,A31) -> 0.1281337
A33: Buyer Recommendation Counts
A34: Recommendation | B34: Product Count
A35: BUY / PRIORITIZE | B35: =COUNTIF('Raw Data'!$R$2:$R$2177,A35) -> 105
A36: HOLD / REVIEW | B36: =COUNTIF('Raw Data'!$R$2:$R$2177,A36) -> 61
A37: MONITOR | B37: =COUNTIF('Raw Data'!$R$2:$R$2177,A37) -> 2010
A39: Top 10 Products by Inventory
A40: Product | B40: Category | C40: Brand | D40: Stock Quantity | E40: Current Price | F40: Markdown %
A41: =INDEX('Raw Data'!$A$2:$A$2177,MATCH(LARGE('Raw Data'!$S$2:$S$2177,1),'Raw Data'!$S$2:$S$2177,0)) -> FB002157 | B41: =INDEX('Raw Data'!$B$2:$B$2177,MATCH(LARGE('Raw Data'!$S$2:$S$2177,1),'Raw Data'!$S$2:$S$2177,0)) -> Dresses | C41: =INDEX('Raw Data'!$C$2:$C$2177,MATCH(LARGE('Raw Data'!$S$2:$S$2177,1),'Raw Data'!$S$2:$S$2177,0)) -> Forever21 | D41: =INDEX('Raw Data'!$K$2:$K$2177,MATCH(LARGE('Raw Data'!$S$2:$S$2177,1),'Raw Data'!$S$2:$S$2177,0)) -> 50 | E41: =INDEX('Raw Data'!$I$2:$I$2177,MATCH(LARGE('Raw Data'!$S$2:$S$2177,1),'Raw Data'!$S$2:$S$2177,0)) -> 154.11 | F41: =INDEX('Raw Data'!$H$2:$H$2177,MATCH(LARGE('Raw Data'!$S$2:$S$2177,1),'Raw Data'!$S$2:$S$2177,0)) -> 0
A42: =INDEX('Raw Data'!$A$2:$A$2177,MATCH(LARGE('Raw Data'!$S$2:$S$2177,2),'Raw Data'!$S$2:$S$2177,0)) -> FB001987 | B42: =INDEX('Raw Data'!$B$2:$B$2177,MATCH(LARGE('Raw Data'!$S$2:$S$2177,2),'Raw Data'!$S$2:$S$2177,0)) -> Accessories | C42: =INDEX('Raw Data'!$C$2:$C$2177,MATCH(LARGE('Raw Data'!$S$2:$S$2177,2),'Raw Data'!$S$2:$S$2177,0)) -> Uniqlo | D42: =INDEX('Raw Data'!$K$2:$K$2177,MATCH(LARGE('Raw Data'!$S$2:$S$2177,2),'Raw Data'!$S$2:$S$2177,0)) -> 50 | E42: =INDEX('Raw Data'!$I$2:$I$2177,MATCH(LARGE('Raw Data'!$S$2:$S$2177,2),'Raw Data'!$S$2:$S$2177,0)) -> 33 | F42: =INDEX('Raw Data'!$H$2:$H$2177,MATCH(LARGE('Raw Data'!$S$2:$S$2177,2),'Raw Data'!$S$2:$S$2177,0)) -> 0
A43: =INDEX('Raw Data'!$A$2:$A$2177,MATCH(LARGE('Raw Data'!$S$2:$S$2177,3),'Raw Data'!$S$2:$S$2177,0)) -> FB001892 | B43: =INDEX('Raw Data'!$B$2:$B$2177,MATCH(LARGE('Raw Data'!$S$2:$S$2177,3),'Raw Data'!$S$2:$S$2177,0)) -> Outerwear | C43: =INDEX('Raw Data'!$C$2:$C$2177,MATCH(LARGE('Raw Data'!$S$2:$S$2177,3),'Raw Data'!$S$2:$S$2177,0)) -> Forever21 | D43: =INDEX('Raw Data'!$K$2:$K$2177,MATCH(LARGE('Raw Data'!$S$2:$S$2177,3),'Raw Data'!$S$2:$S$2177,0)) -> 50 | E43: =INDEX('Raw Data'!$I$2:$I$2177,MATCH(LARGE('Raw Data'!$S$2:$S$2177,3),'Raw Data'!$S$2:$S$2177,0)) -> 182.4 | F43: =INDEX('Raw Data'!$H$2:$H$2177,MATCH(LARGE('Raw Data'!$S$2:$S$2177,3),'Raw Data'!$S$2:$S$2177,0)) -> 18.9
A44: =INDEX('Raw Data'!$A$2:$A$2177,MATCH(LARGE('Raw Data'!$S$2:$S$2177,4),'Raw Data'!$S$2:$S$2177,0)) -> FB001881 | B44: =INDEX('Raw Data'!$B$2:$B$2177,MATCH(LARGE('Raw Data'!$S$2:$S$2177,4),'Raw Data'!$S$2:$S$2177,0)) -> Accessories | C44: =INDEX('Raw Data'!$C$2:$C$2177,MATCH(LARGE('Raw Data'!$S$2:$S$2177,4),'Raw Data'!$S$2:$S$2177,0)) -> H&M | D44: =INDEX('Raw Data'!$K$2:$K$2177,MATCH(LARGE('Raw Data'!$S$2:$S$2177,4),'Raw Data'!$S$2:$S$2177,0)) -> 50 | E44: =INDEX('Raw Data'!$I$2:$I$2177,MATCH(LARGE('Raw Data'!$S$2:$S$2177,4),'Raw Data'!$S$2:$S$2177,0)) -> 52.57 | F44: =INDEX('Raw Data'!$H$2:$H$2177,MATCH(LARGE('Raw Data'!$S$2:$S$2177,4),'Raw Data'!$S$2:$S$2177,0)) -> 0
A45: =INDEX('Raw Data'!$A$2:$A$2177,MATCH(LARGE('Raw Data'!$S$2:$S$2177,5),'Raw Data'!$S$2:$S$2177,0)) -> FB001857 | B45: =INDEX('Raw Data'!$B$2:$B$2177,MATCH(LARGE('Raw Data'!$S$2:$S$2177,5),'Raw Data'!$S$2:$S$2177,0)) -> Bottoms | C45: =INDEX('Raw Data'!$C$2:$C$2177,MATCH(LARGE('Raw Data'!$S$2:$S$2177,5),'Raw Data'!$S$2:$S$2177,0)) -> Mango | D45: =INDEX('Raw Data'!$K$2:$K$2177,MATCH(LARGE('Raw Data'!$S$2:$S$2177,5),'Raw Data'!$S$2:$S$2177,0)) -> 50 | E45: =INDEX('Raw Data'!$I$2:$I$2177,MATCH(LARGE('Raw Data'!$S$2:$S$2177,5),'Raw Data'!$S$2:$S$2177,0)) -> 108.89 | F45: =INDEX('Raw Data'!$H$2:$H$2177,MATCH(LARGE('Raw Data'!$S$2:$S$2177,5),'Raw Data'!$S$2:$S$2177,0)) -> 0
A46: =INDEX('Raw Data'!$A$2:$A$2177,MATCH(LARGE('Raw Data'!$S$2:$S$2177,6),'Raw Data'!$S$2:$S$2177,0)) -> FB001799 | B46: =INDEX('Raw Data'!$B$2:$B$2177,MATCH(LARGE('Raw Data'!$S$2:$S$2177,6),'Raw Data'!$S$2:$S$2177,0)) -> Accessories | C46: =INDEX('Raw Data'!$C$2:$C$2177,MATCH(LARGE('Raw Data'!$S$2:$S$2177,6),'Raw Data'!$S$2:$S$2177,0)) -> Gap | D46: =INDEX('Raw Data'!$K$2:$K$2177,MATCH(LARGE('Raw Data'!$S$2:$S$2177,6),'Raw Data'!$S$2:$S$2177,0)) -> 50 | E46: =INDEX('Raw Data'!$I$2:$I$2177,MATCH(LARGE('Raw Data'!$S$2:$S$2177,6),'Raw Data'!$S$2:$S$2177,0)) -> 58.99 | F46: =INDEX('Raw Data'!$H$2:$H$2177,MATCH(LARGE('Raw Data'!$S$2:$S$2177,6),'Raw Data'!$S$2:$S$2177,0)) -> 0
A47: =INDEX('Raw Data'!$A$2:$A$2177,MATCH(LARGE('Raw Data'!$S$2:$S$2177,7),'Raw Data'!$S$2:$S$2177,0)) -> FB001793 | B47: =INDEX('Raw Data'!$B$2:$B$2177,MATCH(LARGE('Raw Data'!$S$2:$S$2177,7),'Raw Data'!$S$2:$S$2177,0)) -> Outerwear | C47: =INDEX('Raw Data'!$C$2:$C$2177,MATCH(LARGE('Raw Data'!$S$2:$S$2177,7),'Raw Data'!$S$2:$S$2177,0)) -> H&M | D47: =INDEX('Raw Data'!$K$2:$K$2177,MATCH(LARGE('Raw Data'!$S$2:$S$2177,7),'Raw Data'!$S$2:$S$2177,0)) -> 50 | E47: =INDEX('Raw Data'!$I$2:$I$2177,MATCH(LARGE('Raw Data'!$S$2:$S$2177,7),'Raw Data'!$S$2:$S$2177,0)) -> 215.06 | F47: =INDEX('Raw Data'!$H$2:$H$2177,MATCH(LARGE('Raw Data'!$S$2:$S$2177,7),'Raw Data'!$S$2:$S$2177,0)) -> 0
A48: =INDEX('Raw Data'!$A$2:$A$2177,MATCH(LARGE('Raw Data'!$S$2:$S$2177,8),'Raw Data'!$S$2:$S$2177,0)) -> FB001789 | B48: =INDEX('Raw Data'!$B$2:$B$2177,MATCH(LARGE('Raw Data'!$S$2:$S$2177,8),'Raw Data'!$S$2:$S$2177,0)) -> Bottoms | C48: =INDEX('Raw Data'!$C$2:$C$2177,MATCH(LARGE('Raw Data'!$S$2:$S$2177,8),'Raw Data'!$S$2:$S$2177,0)) -> H&M | D48: =INDEX('Raw Data'!$K$2:$K$2177,MATCH(LARGE('Raw Data'!$S$2:$S$2177,8),'Raw Data'!$S$2:$S$2177,0)) -> 50 | E48: =INDEX('Raw Data'!$I$2:$I$2177,MATCH(LARGE('Raw Data'!$S$2:$S$2177,8),'Raw Data'!$S$2:$S$2177,0)) -> 74.76 | F48: =INDEX('Raw Data'!$H$2:$H$2177,MATCH(LARGE('Raw Data'!$S$2:$S$2177,8),'Raw Data'!$S$2:$S$2177,0)) -> 0
A49: =INDEX('Raw Data'!$A$2:$A$2177,MATCH(LARGE('Raw Data'!$S$2:$S$2177,9),'Raw Data'!$S$2:$S$2177,0)) -> FB001638 | B49: =INDEX('Raw Data'!$B$2:$B$2177,MATCH(LARGE('Raw Data'!$S$2:$S$2177,9),'Raw Data'!$S$2:$S$2177,0)) -> Accessories | C49: =INDEX('Raw Data'!$C$2:$C$2177,MATCH(LARGE('Raw Data'!$S$2:$S$2177,9),'Raw Data'!$S$2:$S$2177,0)) -> Ann Taylor | D49: =INDEX('Raw Data'!$K$2:$K$2177,MATCH(LARGE('Raw Data'!$S$2:$S$2177,9),'Raw Data'!$S$2:$S$2177,0)) -> 50 | E49: =INDEX('Raw Data'!$I$2:$I$2177,MATCH(LARGE('Raw Data'!$S$2:$S$2177,9),'Raw Data'!$S$2:$S$2177,0)) -> 21.82 | F49: =INDEX('Raw Data'!$H$2:$H$2177,MATCH(LARGE('Raw Data'!$S$2:$S$2177,9),'Raw Data'!$S$2:$S$2177,0)) -> 45.5
A50: =INDEX('Raw Data'!$A$2:$A$2177,MATCH(LARGE('Raw Data'!$S$2:$S$2177,10),'Raw Data'!$S$2:$S$2177,0)) -> FB001559 | B50: =INDEX('Raw Data'!$B$2:$B$2177,MATCH(LARGE('Raw Data'!$S$2:$S$2177,10),'Raw Data'!$S$2:$S$2177,0)) -> Tops | C50: =INDEX('Raw Data'!$C$2:$C$2177,MATCH(LARGE('Raw Data'!$S$2:$S$2177,10),'Raw Data'!$S$2:$S$2177,0)) -> H&M | D50: =INDEX('Raw Data'!$K$2:$K$2177,MATCH(LARGE('Raw Data'!$S$2:$S$2177,10),'Raw Data'!$S$2:$S$2177,0)) -> 50 | E50: =INDEX('Raw Data'!$I$2:$I$2177,MATCH(LARGE('Raw Data'!$S$2:$S$2177,10),'Raw Data'!$S$2:$S$2177,0)) -> 59.8 | F50: =INDEX('Raw Data'!$H$2:$H$2177,MATCH(LARGE('Raw Data'!$S$2:$S$2177,10),'Raw Data'!$S$2:$S$2177,0)) -> 0

Sheet Raw Data
A1: product_id | B1: category | C1: brand | D1: season | E1: size | F1: color | G1: original_price | H1: markdown_percentage | I1: current_price | J1: purchase_date | K1: stock_quantity | L1: customer_rating | M1: is_returned | N1: return_reason | O1: stock_tier | P1: markdown_tier | Q1: rating_tier | R1: buyer_recommendation | S1: rank_key
A2: FB000001 | B2: Outerwear | C2: Zara | D2: Spring | E2: XL | F2: Red | G2: 196.01 | H2: 0 | I2: 196.01 | J2: 2025-07-05 | K2: 37 | L2: 3 | M2: =FALSE() -> FALSE | O2: =IF(K2<=StockP33,"Low",IF(K2<=StockP67,"Moderate","High")) -> High | P2: =IF(H2=0,"Low",IF(H2<=MarkdownP75,"Moderate","High")) -> Low | Q2: =IF(ISBLANK(L2),"Unknown",IF(L2>=4,"Good",IF(L2<=2,"Poor","Neutral"))) -> Neutral | R2: =IF(AND(O2="Low",P2="Low",Q2="Good"),"BUY / PRIORITIZE",IF(AND(O2="High",P2="High",OR(Q2="Poor",M2=TRUE())),"HOLD / REVIEW","MONITOR")) -> MONITOR | S2: =K2+(ROW()/10000000) -> 37
A3: FB000002 | B3: Tops | C3: Uniqlo | D3: Winter | E3: L | F3: Pink | G3: 119.64 | H3: 0 | I3: 119.64 | J3: 2025-08-06 | K3: 2 | L3: 2.5 | M3: =FALSE() -> FALSE | O3: =IF(K3<=StockP33,"Low",IF(K3<=StockP67,"Moderate","High")) -> Low | P3: =IF(H3=0,"Low",IF(H3<=MarkdownP75,"Moderate","High")) -> Low | Q3: =IF(ISBLANK(L3),"Unknown",IF(L3>=4,"Good",IF(L3<=2,"Poor","Neutral"))) -> Neutral | R3: =IF(AND(O3="Low",P3="Low",Q3="Good"),"BUY / PRIORITIZE",IF(AND(O3="High",P3="High",OR(Q3="Poor",M3=TRUE())),"HOLD / REVIEW","MONITOR")) -> MONITOR | S3: =K3+(ROW()/10000000) -> 2.0000003
A4: FB000003 | B4: Accessories | C4: Uniqlo | D4: Winter | F4: Black | G4: 33.8 | H4: 0 | I4: 33.8 | J4: 2025-08-06 | K4: 22 | L4: 4.3 | M4: =FALSE() -> FALSE | O4: =IF(K4<=StockP33,"Low",IF(K4<=StockP67,"Moderate","High")) -> Moderate | P4: =IF(H4=0,"Low",IF(H4<=MarkdownP75,"Moderate","High")) -> Low | Q4: =IF(ISBLANK(L4),"Unknown",IF(L4>=4,"Good",IF(L4<=2,"Poor","Neutral"))) -> Good | R4: =IF(AND(O4="Low",P4="Low",Q4="Good"),"BUY / PRIORITIZE",IF(AND(O4="High",P4="High",OR(Q4="Poor",M4=TRUE())),"HOLD / REVIEW","MONITOR")) -> MONITOR | S4: =K4+(ROW()/10000000) -> 22
A5: FB000004 | B5: Shoes | C5: Uniqlo | D5: Spring | E5: XL | F5: Black | G5: 75.36 | H5: 0 | I5: 75.36 | J5: 2025-07-07 | K5: 48 | L5: 2.6 | M5: =FALSE() -> FALSE | O5: =IF(K5<=StockP33,"Low",IF(K5<=StockP67,"Moderate","High")) -> High | P5: =IF(H5=0,"Low",IF(H5<=MarkdownP75,"Moderate","High")) -> Low | Q5: =IF(ISBLANK(L5),"Unknown",IF(L5>=4,"Good",IF(L5<=2,"Poor","Neutral"))) -> Neutral | R5: =IF(AND(O5="Low",P5="Low",Q5="Good"),"BUY / PRIORITIZE",IF(AND(O5="High",P5="High",OR(Q5="Poor",M5=TRUE())),"HOLD / REVIEW","MONITOR")) -> MONITOR | S5: =K5+(ROW()/10000000) -> 48
A6: FB000005 | B6: Tops | C6: Banana Republic | D6: Winter | E6: XL | F6: Black | G6: 105.02 | H6: 0 | I6: 105.02 | J6: 2025-08-06 | K6: 10 | M6: =FALSE() -> FALSE | O6: =IF(K6<=StockP33,"Low",IF(K6<=StockP67,"Moderate","High")) -> Low | P6: =IF(H6=0,"Low",IF(H6<=MarkdownP75,"Moderate","High")) -> Low | Q6: =IF(ISBLANK(L6),"Unknown",IF(L6>=4,"Good",IF(L6<=2,"Poor","Neutral"))) -> Unknown | R6: =IF(AND(O6="Low",P6="Low",Q6="Good"),"BUY / PRIORITIZE",IF(AND(O6="High",P6="High",OR(Q6="Poor",M6=TRUE())),"HOLD / REVIEW","MONITOR")) -> MONITOR | S6: =K6+(ROW()/10000000) -> 10.000001
A7: FB000006 | B7: Accessories | C7: Zara | D7: Fall | F7: White | G7: 35.03 | H7: 35.4 | I7: 22.63 | J7: 2025-08-06 | K7: 38 | L7: 2.9 | M7: =TRUE() -> TRUE | N7: Color Mismatch | O7: =IF(K7<=StockP33,"Low",IF(K7<=StockP67,"Moderate","High")) -> High | P7: =IF(H7=0,"Low",IF(H7<=MarkdownP75,"Moderate","High")) -> High | Q7: =IF(ISBLANK(L7),"Unknown",IF(L7>=4,"Good",IF(L7<=2,"Poor","Neutral"))) -> Neutral | R7: =IF(AND(O7="Low",P7="Low",Q7="Good"),"BUY / PRIORITIZE",IF(AND(O7="High",P7="High",OR(Q7="Poor",M7=TRUE())),"HOLD / REVIEW","MONITOR")) -> HOLD / REVIEW | S7: =K7+(ROW()/10000000) -> 38.000001
A8: FB000007 | B8: Bottoms | C8: Zara | D8: Spring | E8: S | F8: Gray | G8: 53.83 | H8: 54.5 | I8: 24.49 | J8: 2024-10-29 | K8: 38 | L8: 2.6 | M8: =FALSE() -> FALSE | O8: =IF(K8<=StockP33,"Low",IF(K8<=StockP67,"Moderate","High")) -> High | P8: =IF(H8=0,"Low",IF(H8<=MarkdownP75,"Moderate","High")) -> High | Q8: =IF(ISBLANK(L8),"Unknown",IF(L8>=4,"Good",IF(L8<=2,"Poor","Neutral"))) -> Neutral | R8: =IF(AND(O8="Low",P8="Low",Q8="Good"),"BUY / PRIORITIZE",IF(AND(O8="High",P8="High",OR(Q8="Poor",M8=TRUE())),"HOLD / REVIEW","MONITOR")) -> MONITOR | S8: =K8+(ROW()/10000000) -> 38.000001
A9: FB000008 | B9: Dresses | C9: Mango | D9: Winter | E9: XL | F9: Blue | G9: 91.55 | H9: 22.1 | I9: 71.32 | J9: 2025-08-06 | K9: 47 | L9: 1.6 | M9: =FALSE() -> FALSE | O9: =IF(K9<=StockP33,"Low",IF(K9<=StockP67,"Moderate","High")) -> High | P9: =IF(H9=0,"Low",IF(H9<=MarkdownP75,"Moderate","High")) -> Moderate | Q9: =IF(ISBLANK(L9),"Unknown",IF(L9>=4,"Good",IF(L9<=2,"Poor","Neutral"))) -> Poor | R9: =IF(AND(O9="Low",P9="Low",Q9="Good"),"BUY / PRIORITIZE",IF(AND(O9="High",P9="High",OR(Q9="Poor",M9=TRUE())),"HOLD / REVIEW","MONITOR")) -> MONITOR | S9: =K9+(ROW()/10000000) -> 47.000001
A10: FB000009 | B10: Outerwear | C10: Uniqlo | D10: Spring | E10: XL | F10: Green | G10: 227.73 | H10: 12.8 | I10: 198.58 | J10: 2025-03-24 | K10: 14 | M10: =FALSE() -> FALSE | O10: =IF(K10<=StockP33,"Low",IF(K10<=StockP67,"Moderate","High")) -> Low | P10: =IF(H10=0,"Low",IF(H10<=MarkdownP75,"Moderate","High")) -> Moderate | Q10: =IF(ISBLANK(L10),"Unknown",IF(L10>=4,"Good",IF(L10<=2,"Poor","Neutral"))) -> Unknown | R10: =IF(AND(O10="Low",P10="Low",Q10="Good"),"BUY / PRIORITIZE",IF(AND(O10="High",P10="High",OR(Q10="Poor",M10=TRUE())),"HOLD / REVIEW","MONITOR")) -> MONITOR | S10: =K10+(ROW()/10000000) -> 14.000001
A11: FB000010 | B11: Outerwear | C11: H&M | D11: Fall | E11: XXL | F11: Pink | G11: 248.41 | H11: 10.9 | I11: 221.33 | J11: 2025-08-06 | K11: 37 | M11: =FALSE() -> FALSE | O11: =IF(K11<=StockP33,"Low",IF(K11<=StockP67,"Moderate","High")) -> High | P11: =IF(H11=0,"Low",IF(H11<=MarkdownP75,"Moderate","High")) -> Moderate | Q11: =IF(ISBLANK(L11),"Unknown",IF(L11>=4,"Good",IF(L11<=2,"Poor","Neutral"))) -> Unknown | R11: =IF(AND(O11="Low",P11="Low",Q11="Good"),"BUY / PRIORITIZE",IF(AND(O11="High",P11="High",OR(Q11="Poor",M11=TRUE())),"HOLD / REVIEW","MONITOR")) -> MONITOR | S11: =K11+(ROW()/10000000) -> 37.000001
A12: FB000011 | B12: Tops | C12: Mango | D12: Spring | E12: L | F12: Black | G12: 116.84 | H12: 0 | I12: 116.84 | J12: 2025-04-25 | K12: 3 | L12: 4.4 | M12: =FALSE() -> FALSE | O12: =IF(K12<=StockP33,"Low",IF(K12<=StockP67,"Moderate","High")) -> Low | P12: =IF(H12=0,"Low",IF(H12<=MarkdownP75,"Moderate","High")) -> Low | Q12: =IF(ISBLANK(L12),"Unknown",IF(L12>=4,"Good",IF(L12<=2,"Poor","Neutral"))) -> Good | R12: =IF(AND(O12="Low",P12="Low",Q12="Good"),"BUY / PRIORITIZE",IF(AND(O12="High",P12="High",OR(Q12="Poor",M12=TRUE())),"HOLD / REVIEW","MONITOR")) -> BUY / PRIORITIZE | S12: =K12+(ROW()/10000000) -> 3.0000012
A13: FB000012 | B13: Shoes | C13: Uniqlo | D13: Winter | E13: S | F13: Blue | G13: 146.98 | H13: 0 | I13: 146.98 | J13: 2025-08-06 | K13: 2 | L13: 3.4 | M13: =FALSE() -> FALSE | O13: =IF(K13<=StockP33,"Low",IF(K13<=StockP67,"Moderate","High")) -> Low | P13: =IF(H13=0,"Low",IF(H13<=MarkdownP75,"Moderate","High")) -> Low | Q13: =IF(ISBLANK(L13),"Unknown",IF(L13>=4,"Good",IF(L13<=2,"Poor","Neutral"))) -> Neutral | R13: =IF(AND(O13="Low",P13="Low",Q13="Good"),"BUY / PRIORITIZE",IF(AND(O13="High",P13="High",OR(Q13="Poor",M13=TRUE())),"HOLD / REVIEW","MONITOR")) -> MONITOR | S13: =K13+(ROW()/10000000) -> 2.0000013
A14: FB000013 | B14: Bottoms | C14: Ann Taylor | D14: Spring | E14: S | F14: White | G14: 37.51 | H14: 0 | I14: 37.51 | J14: 2025-01-04 | K14: 43 | M14: =FALSE() -> FALSE | O14: =IF(K14<=StockP33,"Low",IF(K14<=StockP67,"Moderate","High")) -> High | P14: =IF(H14=0,"Low",IF(H14<=MarkdownP75,"Moderate","High")) -> Low | Q14: =IF(ISBLANK(L14),"Unknown",IF(L14>=4,"Good",IF(L14<=2,"Poor","Neutral"))) -> Unknown | R14: =IF(AND(O14="Low",P14="Low",Q14="Good"),"BUY / PRIORITIZE",IF(AND(O14="High",P14="High",OR(Q14="Poor",M14=TRUE())),"HOLD / REVIEW","MONITOR")) -> MONITOR | S14: =K14+(ROW()/10000000) -> 43.000001
A15: FB000014 | B15: Dresses | C15: Uniqlo | D15: Fall | E15: XS | F15: Beige | G15: 48.15 | H15: 0 | I15: 48.15 | J15: 2025-08-06 | K15: 39 | L15: 1.6 | M15: =FALSE() -> FALSE | O15: =IF(K15<=StockP33,"Low",IF(K15<=StockP67,"Moderate","High")) -> High | P15: =IF(H15=0,"Low",IF(H15<=MarkdownP75,"Moderate","High")) -> Low | Q15: =IF(ISBLANK(L15),"Unknown",IF(L15>=4,"Good",IF(L15<=2,"Poor","Neutral"))) -> Poor | R15: =IF(AND(O15="Low",P15="Low",Q15="Good"),"BUY / PRIORITIZE",IF(AND(O15="High",P15="High",OR(Q15="Poor",M15=TRUE())),"HOLD / REVIEW","MONITOR")) -> MONITOR | S15: =K15+(ROW()/10000000) -> 39.000002
A16: FB000015 | B16: Tops | C16: Mango | D16: Winter | E16: M | F16: Beige | G16: 79.66 | H16: 0 | I16: 79.66 | J16: 2025-08-06 | K16: 7 | L16: 1.7 | M16: =FALSE() -> FALSE | O16: =IF(K16<=StockP33,"Low",IF(K16<=StockP67,"Moderate","High")) -> Low | P16: =IF(H16=0,"Low",IF(H16<=MarkdownP75,"Moderate","High")) -> Low | Q16: =IF(ISBLANK(L16),"Unknown",IF(L16>=4,"Good",IF(L16<=2,"Poor","Neutral"))) -> Poor | R16: =IF(AND(O16="Low",P16="Low",Q16="Good"),"BUY / PRIORITIZE",IF(AND(O16="High",P16="High",OR(Q16="Poor",M16=TRUE())),"HOLD / REVIEW","MONITOR")) -> MONITOR | S16: =K16+(ROW()/10000000) -> 7.0000016
A17: FB000016 | B17: Accessories | C17: Mango | D17: Winter | F17: Green | G17: 67.57 | H17: 0 | I17: 67.57 | J17: 2025-08-06 | K17: 17 | L17: 2.4 | M17: =FALSE() -> FALSE | O17: =IF(K17<=StockP33,"Low",IF(K17<=StockP67,"Moderate","High")) -> Low | P17: =IF(H17=0,"Low",IF(H17<=MarkdownP75,"Moderate","High")) -> Low | Q17: =IF(ISBLANK(L17),"Unknown",IF(L17>=4,"Good",IF(L17<=2,"Poor","Neutral"))) -> Neutral | R17: =IF(AND(O17="Low",P17="Low",Q17="Good"),"BUY / PRIORITIZE",IF(AND(O17="High",P17="High",OR(Q17="Poor",M17=TRUE())),"HOLD / REVIEW","MONITOR")) -> MONITOR | S17: =K17+(ROW()/10000000) -> 17.000002
A18: FB000017 | B18: Shoes | C18: Gap | D18: Summer | E18: S | F18: Beige | G18: 123.53 | H18: 0 | I18: 123.53 | J18: 2025-08-06 | K18: 14 | L18: 4.6 | M18: =FALSE() -> FALSE | O18: =IF(K18<=StockP33,"Low",IF(K18<=StockP67,"Moderate","High")) -> Low | P18: =IF(H18=0,"Low",IF(H18<=MarkdownP75,"Moderate","High")) -> Low | Q18: =IF(ISBLANK(L18),"Unknown",IF(L18>=4,"Good",IF(L18<=2,"Poor","Neutral"))) -> Good | R18: =IF(AND(O18="Low",P18="Low",Q18="Good"),"BUY / PRIORITIZE",IF(AND(O18="High",P18="High",OR(Q18="Poor",M18=TRUE())),"HOLD / REVIEW","MONITOR")) -> BUY / PRIORITIZE | S18: =K18+(ROW()/10000000) -> 14.000002
A19: FB000018 | B19: Tops | C19: Ann Taylor | D19: Winter | E19: L | F19: Navy | G19: 102.35 | H19: 0 | I19: 102.35 | J19: 2025-08-06 | K19: 14 | L19: 3.5 | M19: =FALSE() -> FALSE | O19: =IF(K19<=StockP33,"Low",IF(K19<=StockP67,"Moderate","High")) -> Low | P19: =IF(H19=0,"Low",IF(H19<=MarkdownP75,"Moderate","High")) -> Low | Q19: =IF(ISBLANK(L19),"Unknown",IF(L19>=4,"Good",IF(L19<=2,"Poor","Neutral"))) -> Neutral | R19: =IF(AND(O19="Low",P19="Low",Q19="Good"),"BUY / PRIORITIZE",IF(AND(O19="High",P19="High",OR(Q19="Poor",M19=TRUE())),"HOLD / REVIEW","MONITOR")) -> MONITOR | S19: =K19+(ROW()/10000000) -> 14.000002
A20: FB000019 | B20: Outerwear | C20: Mango | D20: Summer | E20: M | F20: Purple | G20: 137.95 | H20: 58.5 | I20: 57.25 | J20: 2025-08-06 | K20: 16 | L20: 4.1 | M20: =FALSE() -> FALSE | O20: =IF(K20<=StockP33,"Low",IF(K20<=StockP67,"Moderate","High")) -> Low | P20: =IF(H20=0,"Low",IF(H20<=MarkdownP75,"Moderate","High")) -> High | Q20: =IF(ISBLANK(L20),"Unknown",IF(L20>=4,"Good",IF(L20<=2,"Poor","Neutral"))) -> Good | R20: =IF(AND(O20="Low",P20="Low",Q20="Good"),"BUY / PRIORITIZE",IF(AND(O20="High",P20="High",OR(Q20="Poor",M20=TRUE())),"HOLD / REVIEW","MONITOR")) -> MONITOR | S20: =K20+(ROW()/10000000) -> 16.000002
A21: FB000020 | B21: Outerwear | C21: Banana Republic | D21: Summer | E21: XXL | F21: Gray | G21: 142.59 | H21: 0 | I21: 142.59 | J21: 2025-08-06 | K21: 1 | L21: 3.7 | M21: =FALSE() -> FALSE | O21: =IF(K21<=StockP33,"Low",IF(K21<=StockP67,"Moderate","High")) -> Low | P21: =IF(H21=0,"Low",IF(H21<=MarkdownP75,"Moderate","High")) -> Low | Q21: =IF(ISBLANK(L21),"Unknown",IF(L21>=4,"Good",IF(L21<=2,"Poor","Neutral"))) -> Neutral | R21: =IF(AND(O21="Low",P21="Low",Q21="Good"),"BUY / PRIORITIZE",IF(AND(O21="High",P21="High",OR(Q21="Poor",M21=TRUE())),"HOLD / REVIEW","MONITOR")) -> MONITOR | S21: =K21+(ROW()/10000000) -> 1.0000021
A22: FB000021 | B22: Bottoms | C22: Mango | D22: Fall | E22: L | F22: Beige | G22: 33.33 | H22: 21.8 | I22: 26.06 | J22: 2025-08-06 | K22: 42 | M22: =FALSE() -> FALSE | O22: =IF(K22<=StockP33,"Low",IF(K22<=StockP67,"Moderate","High")) -> High | P22: =IF(H22=0,"Low",IF(H22<=MarkdownP75,"Moderate","High")) -> Moderate | Q22: =IF(ISBLANK(L22),"Unknown",IF(L22>=4,"Good",IF(L22<=2,"Poor","Neutral"))) -> Unknown | R22: =IF(AND(O22="Low",P22="Low",Q22="Good"),"BUY / PRIORITIZE",IF(AND(O22="High",P22="High",OR(Q22="Poor",M22=TRUE())),"HOLD / REVIEW","MONITOR")) -> MONITOR | S22: =K22+(ROW()/10000000) -> 42.000002
A23: FB000022 | B23: Accessories | C23: Zara | D23: Spring | F23: Brown | G23: 62.3 | H23: 0 | I23: 62.3 | J23: 2024-09-24 | K23: 10 | L23: 2.5 | M23: =FALSE() -> FALSE | O23: =IF(K23<=StockP33,"Low",IF(K23<=StockP67,"Moderate","High")) -> Low | P23: =IF(H23=0,"Low",IF(H23<=MarkdownP75,"Moderate","High")) -> Low | Q23: =IF(ISBLANK(L23),"Unknown",IF(L23>=4,"Good",IF(L23<=2,"Poor","Neutral"))) -> Neutral | R23: =IF(AND(O23="Low",P23="Low",Q23="Good"),"BUY / PRIORITIZE",IF(AND(O23="High",P23="High",OR(Q23="Poor",M23=TRUE())),"HOLD / REVIEW","MONITOR")) -> MONITOR | S23: =K23+(ROW()/10000000) -> 10.000002
A24: FB000023 | B24: Accessories | C24: Zara | D24: Winter | F24: Pink | G24: 38.48 | H24: 0 | I24: 38.48 | J24: 2025-08-06 | K24: 46 | L24: 1.2 | M24: =FALSE() -> FALSE | O24: =IF(K24<=StockP33,"Low",IF(K24<=StockP67,"Moderate","High")) -> High | P24: =IF(H24=0,"Low",IF(H24<=MarkdownP75,"Moderate","High")) -> Low | Q24: =IF(ISBLANK(L24),"Unknown",IF(L24>=4,"Good",IF(L24<=2,"Poor","Neutral"))) -> Poor | R24: =IF(AND(O24="Low",P24="Low",Q24="Good"),"BUY / PRIORITIZE",IF(AND(O24="High",P24="High",OR(Q24="Poor",M24=TRUE())),"HOLD / REVIEW","MONITOR")) -> MONITOR | S24: =K24+(ROW()/10000000) -> 46.000002
A25: FB000024 | B25: Dresses | C25: Banana Republic | D25: Summer | E25: XL | F25: Green | G25: 91.36 | H25: 0 | I25: 91.36 | J25: 2025-08-06 | K25: 37 | L25: 1.2 | M25: =TRUE() -> TRUE | N25: Size Issue | O25: =IF(K25<=StockP33,"Low",IF(K25<=StockP67,"Moderate","High")) -> High | P25: =IF(H25=0,"Low",IF(H25<=MarkdownP75,"Moderate","High")) -> Low | Q25: =IF(ISBLANK(L25),"Unknown",IF(L25>=4,"Good",IF(L25<=2,"Poor","Neutral"))) -> Poor | R25: =IF(AND(O25="Low",P25="Low",Q25="Good"),"BUY / PRIORITIZE",IF(AND(O25="High",P25="High",OR(Q25="Poor",M25=TRUE())),"HOLD / REVIEW","MONITOR")) -> MONITOR | S25: =K25+(ROW()/10000000) -> 37.000003
A26: FB000025 | B26: Tops | C26: Forever21 | D26: Fall | E26: XS | F26: Blue | G26: 80.47 | H26: 29.1 | I26: 57.05 | J26: 2025-08-06 | K26: 38 | L26: 3.6 | M26: =FALSE() -> FALSE | O26: =IF(K26<=StockP33,"Low",IF(K26<=StockP67,"Moderate","High")) -> High | P26: =IF(H26=0,"Low",IF(H26<=MarkdownP75,"Moderate","High")) -> High | Q26: =IF(ISBLANK(L26),"Unknown",IF(L26>=4,"Good",IF(L26<=2,"Poor","Neutral"))) -> Neutral | R26: =IF(AND(O26="Low",P26="Low",Q26="Good"),"BUY / PRIORITIZE",IF(AND(O26="High",P26="High",OR(Q26="Poor",M26=TRUE())),"HOLD / REVIEW","MONITOR")) -> MONITOR | S26: =K26+(ROW()/10000000) -> 38.000003
A27: FB000026 | B27: Bottoms | C27: Uniqlo | D27: Spring | E27: M | F27: Red | G27: 40.89 | H27: 34 | I27: 26.99 | J27: 2025-06-11 | K27: 16 | L27: 3.7 | M27: =FALSE() -> FALSE | O27: =IF(K27<=StockP33,"Low",IF(K27<=StockP67,"Moderate","High")) -> Low | P27: =IF(H27=0,"Low",IF(H27<=MarkdownP75,"Moderate","High")) -> High | Q27: =IF(ISBLANK(L27),"Unknown",IF(L27>=4,"Good",IF(L27<=2,"Poor","Neutral"))) -> Neutral | R27: =IF(AND(O27="Low",P27="Low",Q27="Good"),"BUY / PRIORITIZE",IF(AND(O27="High",P27="High",OR(Q27="Poor",M27=TRUE())),"HOLD / REVIEW","MONITOR")) -> MONITOR | S27: =K27+(ROW()/10000000) -> 16.000003
A28: FB000027 | B28: Bottoms | C28: Banana Republic | D28: Summer | E28: L | F28: Red | G28: 47.04 | H28: 36 | I28: 30.11 | J28: 2025-08-06 | K28: 25 | L28: 1.1 | M28: =TRUE() -> TRUE | N28: Damaged | O28: =IF(K28<=StockP33,"Low",IF(K28<=StockP67,"Moderate","High")) -> Moderate | P28: =IF(H28=0,"Low",IF(H28<=MarkdownP75,"Moderate","High")) -> High | Q28: =IF(ISBLANK(L28),"Unknown",IF(L28>=4,"Good",IF(L28<=2,"Poor","Neutral"))) -> Poor | R28: =IF(AND(O28="Low",P28="Low",Q28="Good"),"BUY / PRIORITIZE",IF(AND(O28="High",P28="High",OR(Q28="Poor",M28=TRUE())),"HOLD / REVIEW","MONITOR")) -> MONITOR | S28: =K28+(ROW()/10000000) -> 25.000003
A29: FB000028 | B29: Bottoms | C29: Gap | D29: Summer | E29: M | F29: Blue | G29: 53.37 | H29: 0 | I29: 53.37 | J29: 2025-08-06 | K29: 28 | L29: 3.8 | M29: =FALSE() -> FALSE | O29: =IF(K29<=StockP33,"Low",IF(K29<=StockP67,"Moderate","High")) -> Moderate | P29: =IF(H29=0,"Low",IF(H29<=MarkdownP75,"Moderate","High")) -> Low | Q29: =IF(ISBLANK(L29),"Unknown",IF(L29>=4,"Good",IF(L29<=2,"Poor","Neutral"))) -> Neutral | R29: =IF(AND(O29="Low",P29="Low",Q29="Good"),"BUY / PRIORITIZE",IF(AND(O29="High",P29="High",OR(Q29="Poor",M29=TRUE())),"HOLD / REVIEW","MONITOR")) -> MONITOR | S29: =K29+(ROW()/10000000) -> 28.000003
A30: FB000029 | B30: Dresses | C30: Ann Taylor | D30: Summer | E30: L | F30: White | G30: 114.35 | H30: 0 | I30: 114.35 | J30: 2025-08-06 | K30: 6 | L30: 1.2 | M30: =FALSE() -> FALSE | O30: =IF(K30<=StockP33,"Low",IF(K30<=StockP67,"Moderate","High")) -> Low | P30: =IF(H30=0,"Low",IF(H30<=MarkdownP75,"Moderate","High")) -> Low | Q30: =IF(ISBLANK(L30),"Unknown",IF(L30>=4,"Good",IF(L30<=2,"Poor","Neutral"))) -> Poor | R30: =IF(AND(O30="Low",P30="Low",Q30="Good"),"BUY / PRIORITIZE",IF(AND(O30="High",P30="High",OR(Q30="Poor",M30=TRUE())),"HOLD / REVIEW","MONITOR")) -> MONITOR | S30: =K30+(ROW()/10000000) -> 6.000003
A31: FB000030 | B31: Shoes | C31: Gap | D31: Spring | E31: XL | F31: Red | G31: 77.63 | H31: 0 | I31: 77.63 | J31: 2024-10-24 | K31: 1 | M31: =FALSE() -> FALSE | O31: =IF(K31<=StockP33,"Low",IF(K31<=StockP67,"Moderate","High")) -> Low | P31: =IF(H31=0,"Low",IF(H31<=MarkdownP75,"Moderate","High")) -> Low | Q31: =IF(ISBLANK(L31),"Unknown",IF(L31>=4,"Good",IF(L31<=2,"Poor","Neutral"))) -> Unknown | R31: =IF(AND(O31="Low",P31="Low",Q31="Good"),"BUY / PRIORITIZE",IF(AND(O31="High",P31="High",OR(Q31="Poor",M31=TRUE())),"HOLD / REVIEW","MONITOR")) -> MONITOR | S31: =K31+(ROW()/10000000) -> 1.0000031
A32: FB000031 | B32: Shoes | C32: Uniqlo | D32: Summer | E32: S | F32: Red | G32: 71.29 | H32: 0 | I32: 71.29 | J32: 2025-08-06 | K32: 37 | L32: 4.1 | M32: =TRUE() -> TRUE | N32: Quality Issue | O32: =IF(K32<=StockP33,"Low",IF(K32<=StockP67,"Moderate","High")) -> High | P32: =IF(H32=0,"Low",IF(H32<=MarkdownP75,"Moderate","High")) -> Low | Q32: =IF(ISBLANK(L32),"Unknown",IF(L32>=4,"Good",IF(L32<=2,"Poor","Neutral"))) -> Good | R32: =IF(AND(O32="Low",P32="Low",Q32="Good"),"BUY / PRIORITIZE",IF(AND(O32="High",P32="High",OR(Q32="Poor",M32=TRUE())),"HOLD / REVIEW","MONITOR")) -> MONITOR | S32: =K32+(ROW()/10000000) -> 37.000003
A33: FB000032 | B33: Tops | C33: Gap | D33: Spring | E33: L | F33: Purple | G33: 37.43 | H33: 24.4 | I33: 28.3 | J33: 2025-04-16 | K33: 5 | M33: =FALSE() -> FALSE | O33: =IF(K33<=StockP33,"Low",IF(K33<=StockP67,"Moderate","High")) -> Low | P33: =IF(H33=0,"Low",IF(H33<=MarkdownP75,"Moderate","High")) -> High | Q33: =IF(ISBLANK(L33),"Unknown",IF(L33>=4,"Good",IF(L33<=2,"Poor","Neutral"))) -> Unknown | R33: =IF(AND(O33="Low",P33="Low",Q33="Good"),"BUY / PRIORITIZE",IF(AND(O33="High",P33="High",OR(Q33="Poor",M33=TRUE())),"HOLD / REVIEW","MONITOR")) -> MONITOR | S33: =K33+(ROW()/10000000) -> 5.0000033
A34: FB000033 | B34: Shoes | C34: Zara | D34: Spring | E34: XL | F34: Purple | G34: 143.78 | H34: 0 | I34: 143.78 | J34: 2024-10-16 | K34: 43 | L34: 1.1 | M34: =FALSE() -> FALSE | O34: =IF(K34<=StockP33,"Low",IF(K34<=StockP67,"Moderate","High")) -> High | P34: =IF(H34=0,"Low",IF(H34<=MarkdownP75,"Moderate","High")) -> Low | Q34: =IF(ISBLANK(L34),"Unknown",IF(L34>=4,"Good",IF(L34<=2,"Poor","Neutral"))) -> Poor | R34: =IF(AND(O34="Low",P34="Low",Q34="Good"),"BUY / PRIORITIZE",IF(AND(O34="High",P34="High",OR(Q34="Poor",M34=TRUE())),"HOLD / REVIEW","MONITOR")) -> MONITOR | S34: =K34+(ROW()/10000000) -> 43.000003
A35: FB000034 | B35: Tops | C35: Banana Republic | D35: Summer | E35: XL | F35: Gray | G35: 88.23 | H35: 0 | I35: 88.23 | J35: 2025-08-06 | K35: 44 | L35: 1.6 | M35: =FALSE() -> FALSE | O35: =IF(K35<=StockP33,"Low",IF(K35<=StockP67,"Moderate","High")) -> High | P35: =IF(H35=0,"Low",IF(H35<=MarkdownP75,"Moderate","High")) -> Low | Q35: =IF(ISBLANK(L35),"Unknown",IF(L35>=4,"Good",IF(L35<=2,"Poor","Neutral"))) -> Poor | R35: =IF(AND(O35="Low",P35="Low",Q35="Good"),"BUY / PRIORITIZE",IF(AND(O35="High",P35="High",OR(Q35="Poor",M35=TRUE())),"HOLD / REVIEW","MONITOR")) -> MONITOR | S35: =K35+(ROW()/10000000) -> 44.000003
A36: FB000035 | B36: Accessories | C36: Forever21 | D36: Fall | F36: Navy | G36: 58.57 | H36: 0 | I36: 58.57 | J36: 2025-08-06 | K36: 38 | L36: 1.5 | M36: =FALSE() -> FALSE | O36: =IF(K36<=StockP33,"Low",IF(K36<=StockP67,"Moderate","High")) -> High | P36: =IF(H36=0,"Low",IF(H36<=MarkdownP75,"Moderate","High")) -> Low | Q36: =IF(ISBLANK(L36),"Unknown",IF(L36>=4,"Good",IF(L36<=2,"Poor","Neutral"))) -> Poor | R36: =IF(AND(O36="Low",P36="Low",Q36="Good"),"BUY / PRIORITIZE",IF(AND(O36="High",P36="High",OR(Q36="Poor",M36=TRUE())),"HOLD / REVIEW","MONITOR")) -> MONITOR | S36: =K36+(ROW()/10000000) -> 38.000004
A37: FB000036 | B37: Tops | C37: Uniqlo | D37: Winter | E37: XXL | F37: White | G37: 119.7 | H37: 5.7 | I37: 112.88 | J37: 2025-08-06 | K37: 37 | L37: 4.9 | M37: =FALSE() -> FALSE | O37: =IF(K37<=StockP33,"Low",IF(K37<=StockP67,"Moderate","High")) -> High | P37: =IF(H37=0,"Low",IF(H37<=MarkdownP75,"Moderate","High")) -> Moderate | Q37: =IF(ISBLANK(L37),"Unknown",IF(L37>=4,"Good",IF(L37<=2,"Poor","Neutral"))) -> Good | R37: =IF(AND(O37="Low",P37="Low",Q37="Good"),"BUY / PRIORITIZE",IF(AND(O37="High",P37="High",OR(Q37="Poor",M37=TRUE())),"HOLD / REVIEW","MONITOR")) -> MONITOR | S37: =K37+(ROW()/10000000) -> 37.000004
A38: FB000037 | B38: Bottoms | C38: Banana Republic | D38: Fall | E38: XXL | F38: Green | G38: 97.06 | H38: 47.8 | I38: 50.67 | J38: 2025-08-06 | K38: 31 | L38: 4.1 | M38: =FALSE() -> FALSE | O38: =IF(K38<=StockP33,"Low",IF(K38<=StockP67,"Moderate","High")) -> Moderate | P38: =IF(H38=0,"Low",IF(H38<=MarkdownP75,"Moderate","High")) -> High | Q38: =IF(ISBLANK(L38),"Unknown",IF(L38>=4,"Good",IF(L38<=2,"Poor","Neutral"))) -> Good | R38: =IF(AND(O38="Low",P38="Low",Q38="Good"),"BUY / PRIORITIZE",IF(AND(O38="High",P38="High",OR(Q38="Poor",M38=TRUE())),"HOLD / REVIEW","MONITOR")) -> MONITOR | S38: =K38+(ROW()/10000000) -> 31.000004
A39: FB000038 | B39: Dresses | C39: Banana Republic | D39: Summer | E39: L | F39: White | G39: 110.09 | H39: 0 | I39: 110.09 | J39: 2025-08-06 | K39: 32 | L39: 3.4 | M39: =FALSE() -> FALSE | O39: =IF(K39<=StockP33,"Low",IF(K39<=StockP67,"Moderate","High")) -> Moderate | P39: =IF(H39=0,"Low",IF(H39<=MarkdownP75,"Moderate","High")) -> Low | Q39: =IF(ISBLANK(L39),"Unknown",IF(L39>=4,"Good",IF(L39<=2,"Poor","Neutral"))) -> Neutral | R39: =IF(AND(O39="Low",P39="Low",Q39="Good"),"BUY / PRIORITIZE",IF(AND(O39="High",P39="High",OR(Q39="Poor",M39=TRUE())),"HOLD / REVIEW","MONITOR")) -> MONITOR | S39: =K39+(ROW()/10000000) -> 32.000004
A40: FB000039 | B40: Shoes | C40: Zara | D40: Winter | E40: XS | F40: Green | G40: 198.42 | H40: 14.2 | I40: 170.24 | J40: 2025-08-06 | K40: 10 | M40: =FALSE() -> FALSE | O40: =IF(K40<=StockP33,"Low",IF(K40<=StockP67,"Moderate","High")) -> Low | P40: =IF(H40=0,"Low",IF(H40<=MarkdownP75,"Moderate","High")) -> Moderate | Q40: =IF(ISBLANK(L40),"Unknown",IF(L40>=4,"Good",IF(L40<=2,"Poor","Neutral"))) -> Unknown | R40: =IF(AND(O40="Low",P40="Low",Q40="Good"),"BUY / PRIORITIZE",IF(AND(O40="High",P40="High",OR(Q40="Poor",M40=TRUE())),"HOLD / REVIEW","MONITOR")) -> MONITOR | S40: =K40+(ROW()/10000000) -> 10.000004
A41: FB000040 | B41: Bottoms | C41: Banana Republic | D41: Winter | F41: Purple | G41: 101.72 | H41: 0 | I41: 101.72 | J41: 2025-08-06 | K41: 40 | M41: =FALSE() -> FALSE | O41: =IF(K41<=StockP33,"Low",IF(K41<=StockP67,"Moderate","High")) -> High | P41: =IF(H41=0,"Low",IF(H41<=MarkdownP75,"Moderate","High")) -> Low | Q41: =IF(ISBLANK(L41),"Unknown",IF(L41>=4,"Good",IF(L41<=2,"Poor","Neutral"))) -> Unknown | R41: =IF(AND(O41="Low",P41="Low",Q41="Good"),"BUY / PRIORITIZE",IF(AND(O41="High",P41="High",OR(Q41="Poor",M41=TRUE())),"HOLD / REVIEW","MONITOR")) -> MONITOR | S41: =K41+(ROW()/10000000) -> 40.000004
A42: FB000041 | B42: Tops | C42: Uniqlo | D42: Summer | E42: S | F42: White | G42: 117.86 | H42: 0 | I42: 117.86 | J42: 2025-08-06 | K42: 6 | M42: =FALSE() -> FALSE | O42: =IF(K42<=StockP33,"Low",IF(K42<=StockP67,"Moderate","High")) -> Low | P42: =IF(H42=0,"Low",IF(H42<=MarkdownP75,"Moderate","High")) -> Low | Q42: =IF(ISBLANK(L42),"Unknown",IF(L42>=4,"Good",IF(L42<=2,"Poor","Neutral"))) -> Unknown | R42: =IF(AND(O42="Low",P42="Low",Q42="Good"),"BUY / PRIORITIZE",IF(AND(O42="High",P42="High",OR(Q42="Poor",M42=TRUE())),"HOLD / REVIEW","MONITOR")) -> MONITOR | S42: =K42+(ROW()/10000000) -> 6.0000042
A43: FB000042 | B43: Tops | C43: Ann Taylor | D43: Summer | E43: M | F43: Green | G43: 78.86 | H43: 0 | I43: 78.86 | J43: 2025-08-06 | K43: 22 | L43: 4.3 | M43: =FALSE() -> FALSE | O43: =IF(K43<=StockP33,"Low",IF(K43<=StockP67,"Moderate","High")) -> Moderate | P43: =IF(H43=0,"Low",IF(H43<=MarkdownP75,"Moderate","High")) -> Low | Q43: =IF(ISBLANK(L43),"Unknown",IF(L43>=4,"Good",IF(L43<=2,"Poor","Neutral"))) -> Good | R43: =IF(AND(O43="Low",P43="Low",Q43="Good"),"BUY / PRIORITIZE",IF(AND(O43="High",P43="High",OR(Q43="Poor",M43=TRUE())),"HOLD / REVIEW","MONITOR")) -> MONITOR | S43: =K43+(ROW()/10000000) -> 22.000004
A44: FB000043 | B44: Outerwear | C44: Zara | D44: Winter | E44: XS | F44: Navy | G44: 216.16 | H44: 51.4 | I44: 105.05 | J44: 2025-08-06 | K44: 36 | L44: 4 | M44: =FALSE() -> FALSE | O44: =IF(K44<=StockP33,"Low",IF(K44<=StockP67,"Moderate","High")) -> High | P44: =IF(H44=0,"Low",IF(H44<=MarkdownP75,"Moderate","High")) -> High | Q44: =IF(ISBLANK(L44),"Unknown",IF(L44>=4,"Good",IF(L44<=2,"Poor","Neutral"))) -> Good | R44: =IF(AND(O44="Low",P44="Low",Q44="Good"),"BUY / PRIORITIZE",IF(AND(O44="High",P44="High",OR(Q44="Poor",M44=TRUE())),"HOLD / REVIEW","MONITOR")) -> MONITOR | S44: =K44+(ROW()/10000000) -> 36.000004
A45: FB000044 | B45: Shoes | C45: Zara | D45: Spring | E45: XL | F45: Pink | G45: 129.85 | H45: 0 | I45: 129.85 | J45: 2025-04-25 | K45: 36 | L45: 3.3 | M45: =FALSE() -> FALSE | O45: =IF(K45<=StockP33,"Low",IF(K45<=StockP67,"Moderate","High")) -> High | P45: =IF(H45=0,"Low",IF(H45<=MarkdownP75,"Moderate","High")) -> Low | Q45: =IF(ISBLANK(L45),"Unknown",IF(L45>=4,"Good",IF(L45<=2,"Poor","Neutral"))) -> Neutral | R45: =IF(AND(O45="Low",P45="Low",Q45="Good"),"BUY / PRIORITIZE",IF(AND(O45="High",P45="High",OR(Q45="Poor",M45=TRUE())),"HOLD / REVIEW","MONITOR")) -> MONITOR | S45: =K45+(ROW()/10000000) -> 36.000005
A46: FB000045 | B46: Tops | C46: Banana Republic | D46: Winter | E46: XXL | F46: Green | G46: 111.3 | H46: 0 | I46: 111.3 | J46: 2025-08-06 | K46: 11 | L46: 1.7 | M46: =FALSE() -> FALSE | O46: =IF(K46<=StockP33,"Low",IF(K46<=StockP67,"Moderate","High")) -> Low | P46: =IF(H46=0,"Low",IF(H46<=MarkdownP75,"Moderate","High")) -> Low | Q46: =IF(ISBLANK(L46),"Unknown",IF(L46>=4,"Good",IF(L46<=2,"Poor","Neutral"))) -> Poor | R46: =IF(AND(O46="Low",P46="Low",Q46="Good"),"BUY / PRIORITIZE",IF(AND(O46="High",P46="High",OR(Q46="Poor",M46=TRUE())),"HOLD / REVIEW","MONITOR")) -> MONITOR | S46: =K46+(ROW()/10000000) -> 11.000005
A47: FB000046 | B47: Dresses | C47: Uniqlo | D47: Summer | E47: XL | F47: Brown | G47: 73.65 | H47: 0 | I47: 73.65 | J47: 2025-08-06 | K47: 33 | L47: 3.6 | M47: =FALSE() -> FALSE | O47: =IF(K47<=StockP33,"Low",IF(K47<=StockP67,"Moderate","High")) -> Moderate | P47: =IF(H47=0,"Low",IF(H47<=MarkdownP75,"Moderate","High")) -> Low | Q47: =IF(ISBLANK(L47),"Unknown",IF(L47>=4,"Good",IF(L47<=2,"Poor","Neutral"))) -> Neutral | R47: =IF(AND(O47="Low",P47="Low",Q47="Good"),"BUY / PRIORITIZE",IF(AND(O47="High",P47="High",OR(Q47="Poor",M47=TRUE())),"HOLD / REVIEW","MONITOR")) -> MONITOR | S47: =K47+(ROW()/10000000) -> 33.000005
A48: FB000047 | B48: Shoes | C48: Mango | D48: Summer | E48: L | F48: Pink | G48: 147.13 | H48: 30.3 | I48: 102.55 | J48: 2025-08-06 | K48: 13 | L48: 4.4 | M48: =FALSE() -> FALSE | O48: =IF(K48<=StockP33,"Low",IF(K48<=StockP67,"Moderate","High")) -> Low | P48: =IF(H48=0,"Low",IF(H48<=MarkdownP75,"Moderate","High")) -> High | Q48: =IF(ISBLANK(L48),"Unknown",IF(L48>=4,"Good",IF(L48<=2,"Poor","Neutral"))) -> Good | R48: =IF(AND(O48="Low",P48="Low",Q48="Good"),"BUY / PRIORITIZE",IF(AND(O48="High",P48="High",OR(Q48="Poor",M48=TRUE())),"HOLD / REVIEW","MONITOR")) -> MONITOR | S48: =K48+(ROW()/10000000) -> 13.000005
A49: FB000048 | B49: Accessories | C49: Ann Taylor | D49: Winter | F49: Green | G49: 44.6 | H49: 53.9 | I49: 20.56 | J49: 2025-08-06 | K49: 42 | L49: 2.4 | M49: =FALSE() -> FALSE | O49: =IF(K49<=StockP33,"Low",IF(K49<=StockP67,"Moderate","High")) -> High | P49: =IF(H49=0,"Low",IF(H49<=MarkdownP75,"Moderate","High")) -> High | Q49: =IF(ISBLANK(L49),"Unknown",IF(L49>=4,"Good",IF(L49<=2,"Poor","Neutral"))) -> Neutral | R49: =IF(AND(O49="Low",P49="Low",Q49="Good"),"BUY / PRIORITIZE",IF(AND(O49="High",P49="High",OR(Q49="Poor",M49=TRUE())),"HOLD / REVIEW","MONITOR")) -> MONITOR | S49: =K49+(ROW()/10000000) -> 42.000005
A50: FB000049 | B50: Bottoms | C50: Forever21 | D50: Summer | E50: XL | F50: White | G50: 101.8 | H50: 0 | I50: 101.8 | J50: 2025-08-06 | K50: 7 | L50: 2.8 | M50: =FALSE() -> FALSE | O50: =IF(K50<=StockP33,"Low",IF(K50<=StockP67,"Moderate","High")) -> Low | P50: =IF(H50=0,"Low",IF(H50<=MarkdownP75,"Moderate","High")) -> Low | Q50: =IF(ISBLANK(L50),"Unknown",IF(L50>=4,"Good",IF(L50<=2,"Poor","Neutral"))) -> Neutral | R50: =IF(AND(O50="Low",P50="Low",Q50="Good"),"BUY / PRIORITIZE",IF(AND(O50="High",P50="High",OR(Q50="Poor",M50=TRUE())),"HOLD / REVIEW","MONITOR")) -> MONITOR | S50: =K50+(ROW()/10000000) -> 7.000005
A51: FB000050 | B51: Accessories | C51: Banana Republic | D51: Summer | F51: Brown | G51: 16.52 | H51: 55.9 | I51: 7.29 | J51: 2025-08-06 | K51: 43 | M51: =FALSE() -> FALSE | O51: =IF(K51<=StockP33,"Low",IF(K51<=StockP67,"Moderate","High")) -> High | P51: =IF(H51=0,"Low",IF(H51<=MarkdownP75,"Moderate","High")) -> High | Q51: =IF(ISBLANK(L51),"Unknown",IF(L51>=4,"Good",IF(L51<=2,"Poor","Neutral"))) -> Unknown | R51: =IF(AND(O51="Low",P51="Low",Q51="Good"),"BUY / PRIORITIZE",IF(AND(O51="High",P51="High",OR(Q51="Poor",M51=TRUE())),"HOLD / REVIEW","MONITOR")) -> MONITOR | S51: =K51+(ROW()/10000000) -> 43.000005
A52: FB000051 | B52: Bottoms | C52: H&M | D52: Fall | E52: M | F52: Beige | G52: 50.91 | H52: 0 | I52: 50.91 | J52: 2025-08-06 | K52: 3 | L52: 1.8 | M52: =FALSE() -> FALSE | O52: =IF(K52<=StockP33,"Low",IF(K52<=StockP67,"Moderate","High")) -> Low | P52: =IF(H52=0,"Low",IF(H52<=MarkdownP75,"Moderate","High")) -> Low | Q52: =IF(ISBLANK(L52),"Unknown",IF(L52>=4,"Good",IF(L52<=2,"Poor","Neutral"))) -> Poor | R52: =IF(AND(O52="Low",P52="Low",Q52="Good"),"BUY / PRIORITIZE",IF(AND(O52="High",P52="High",OR(Q52="Poor",M52=TRUE())),"HOLD / REVIEW","MONITOR")) -> MONITOR | S52: =K52+(ROW()/10000000) -> 3.0000052
A53: FB000052 | B53: Outerwear | C53: Forever21 | D53: Spring | E53: S | F53: White | G53: 222.26 | H53: 0 | I53: 222.26 | J53: 2025-05-03 | K53: 50 | L53: 4.5 | M53: =FALSE() -> FALSE | O53: =IF(K53<=StockP33,"Low",IF(K53<=StockP67,"Moderate","High")) -> High | P53: =IF(H53=0,"Low",IF(H53<=MarkdownP75,"Moderate","High")) -> Low | Q53: =IF(ISBLANK(L53),"Unknown",IF(L53>=4,"Good",IF(L53<=2,"Poor","Neutral"))) -> Good | R53: =IF(AND(O53="Low",P53="Low",Q53="Good"),"BUY / PRIORITIZE",IF(AND(O53="High",P53="High",OR(Q53="Poor",M53=TRUE())),"HOLD / REVIEW","MONITOR")) -> MONITOR | S53: =K53+(ROW()/10000000) -> 50.000005
A54: FB000053 | B54: Shoes | C54: Gap | D54: Summer | E54: S | F54: Navy | G54: 104.14 | H54: 57.1 | I54: 44.68 | J54: 2025-08-06 | K54: 14 | L54: 1.8 | M54: =FALSE() -> FALSE | O54: =IF(K54<=StockP33,"Low",IF(K54<=StockP67,"Moderate","High")) -> Low | P54: =IF(H54=0,"Low",IF(H54<=MarkdownP75,"Moderate","High")) -> High | Q54: =IF(ISBLANK(L54),"Unknown",IF(L54>=4,"Good",IF(L54<=2,"Poor","Neutral"))) -> Poor | R54: =IF(AND(O54="Low",P54="Low",Q54="Good"),"BUY / PRIORITIZE",IF(AND(O54="High",P54="High",OR(Q54="Poor",M54=TRUE())),"HOLD / REVIEW","MONITOR")) -> MONITOR | S54: =K54+(ROW()/10000000) -> 14.000005
A55: FB000054 | B55: Outerwear | C55: Zara | D55: Spring | E55: S | F55: White | G55: 166.76 | H55: 0 | I55: 166.76 | J55: 2025-06-12 | K55: 21 | L55: 4.2 | M55: =FALSE() -> FALSE | O55: =IF(K55<=StockP33,"Low",IF(K55<=StockP67,"Moderate","High")) -> Moderate | P55: =IF(H55=0,"Low",IF(H55<=MarkdownP75,"Moderate","High")) -> Low | Q55: =IF(ISBLANK(L55),"Unknown",IF(L55>=4,"Good",IF(L55<=2,"Poor","Neutral"))) -> Good | R55: =IF(AND(O55="Low",P55="Low",Q55="Good"),"BUY / PRIORITIZE",IF(AND(O55="High",P55="High",OR(Q55="Poor",M55=TRUE())),"HOLD / REVIEW","MONITOR")) -> MONITOR | S55: =K55+(ROW()/10000000) -> 21.000006
A56: FB000055 | B56: Accessories | C56: Banana Republic | D56: Fall | F56: Black | G56: 44.13 | H56: 50.9 | I56: 21.67 | J56: 2025-08-06 | K56: 21 | L56: 3 | M56: =FALSE() -> FALSE | O56: =IF(K56<=StockP33,"Low",IF(K56<=StockP67,"Moderate","High")) -> Moderate | P56: =IF(H56=0,"Low",IF(H56<=MarkdownP75,"Moderate","High")) -> High | Q56: =IF(ISBLANK(L56),"Unknown",IF(L56>=4,"Good",IF(L56<=2,"Poor","Neutral"))) -> Neutral | R56: =IF(AND(O56="Low",P56="Low",Q56="Good"),"BUY / PRIORITIZE",IF(AND(O56="High",P56="High",OR(Q56="Poor",M56=TRUE())),"HOLD / REVIEW","MONITOR")) -> MONITOR | S56: =K56+(ROW()/10000000) -> 21.000006
A57: FB000056 | B57: Outerwear | C57: Gap | D57: Summer | E57: S | F57: Green | G57: 121.29 | H57: 15.2 | I57: 102.85 | J57: 2025-08-06 | K57: 42 | M57: =FALSE() -> FALSE | O57: =IF(K57<=StockP33,"Low",IF(K57<=StockP67,"Moderate","High")) -> High | P57: =IF(H57=0,"Low",IF(H57<=MarkdownP75,"Moderate","High")) -> Moderate | Q57: =IF(ISBLANK(L57),"Unknown",IF(L57>=4,"Good",IF(L57<=2,"Poor","Neutral"))) -> Unknown | R57: =IF(AND(O57="Low",P57="Low",Q57="Good"),"BUY / PRIORITIZE",IF(AND(O57="High",P57="High",OR(Q57="Poor",M57=TRUE())),"HOLD / REVIEW","MONITOR")) -> MONITOR | S57: =K57+(ROW()/10000000) -> 42.000006
A58: FB000057 | B58: Tops | C58: H&M | D58: Spring | E58: S | F58: Beige | G58: 73.71 | H58: 0 | I58: 73.71 | J58: 2025-07-10 | K58: 35 | L58: 3.9 | M58: =TRUE() -> TRUE | N58: Quality Issue | O58: =IF(K58<=StockP33,"Low",IF(K58<=StockP67,"Moderate","High")) -> High | P58: =IF(H58=0,"Low",IF(H58<=MarkdownP75,"Moderate","High")) -> Low | Q58: =IF(ISBLANK(L58),"Unknown",IF(L58>=4,"Good",IF(L58<=2,"Poor","Neutral"))) -> Neutral | R58: =IF(AND(O58="Low",P58="Low",Q58="Good"),"BUY / PRIORITIZE",IF(AND(O58="High",P58="High",OR(Q58="Poor",M58=TRUE())),"HOLD / REVIEW","MONITOR")) -> MONITOR | S58: =K58+(ROW()/10000000) -> 35.000006
A59: FB000058 | B59: Bottoms | C59: Zara | D59: Spring | E59: XL | F59: Brown | G59: 84.07 | H59: 26.3 | I59: 61.96 | J59: 2024-10-25 | K59: 19 | L59: 2.3 | M59: =TRUE() -> TRUE | N59: Size Issue | O59: =IF(K59<=StockP33,"Low",IF(K59<=StockP67,"Moderate","High")) -> Moderate | P59: =IF(H59=0,"Low",IF(H59<=MarkdownP75,"Moderate","High")) -> High | Q59: =IF(ISBLANK(L59),"Unknown",IF(L59>=4,"Good",IF(L59<=2,"Poor","Neutral"))) -> Neutral | R59: =IF(AND(O59="Low",P59="Low",Q59="Good"),"BUY / PRIORITIZE",IF(AND(O59="High",P59="High",OR(Q59="Poor",M59=TRUE())),"HOLD / REVIEW","MONITOR")) -> MONITOR | S59: =K59+(ROW()/10000000) -> 19.000006
A60: FB000059 | B60: Tops | C60: Mango | D60: Summer | E60: XS | F60: Black | G60: 28.59 | H60: 0 | I60: 28.59 | J60: 2025-08-06 | K60: 39 | L60: 1.4 | M60: =FALSE() -> FALSE | O60: =IF(K60<=StockP33,"Low",IF(K60<=StockP67,"Moderate","High")) -> High | P60: =IF(H60=0,"Low",IF(H60<=MarkdownP75,"Moderate","High")) -> Low | Q60: =IF(ISBLANK(L60),"Unknown",IF(L60>=4,"Good",IF(L60<=2,"Poor","Neutral"))) -> Poor | R60: =IF(AND(O60="Low",P60="Low",Q60="Good"),"BUY / PRIORITIZE",IF(AND(O60="High",P60="High",OR(Q60="Poor",M60=TRUE())),"HOLD / REVIEW","MONITOR")) -> MONITOR | S60: =K60+(ROW()/10000000) -> 39.000006
A61: FB000060 | B61: Shoes | C61: Mango | D61: Winter | E61: XXL | F61: Blue | G61: 166.49 | H61: 2.6 | I61: 162.16 | J61: 2025-08-06 | K61: 27 | M61: =FALSE() -> FALSE | O61: =IF(K61<=StockP33,"Low",IF(K61<=StockP67,"Moderate","High")) -> Moderate | P61: =IF(H61=0,"Low",IF(H61<=MarkdownP75,"Moderate","High")) -> Moderate | Q61: =IF(ISBLANK(L61),"Unknown",IF(L61>=4,"Good",IF(L61<=2,"Poor","Neutral"))) -> Unknown | R61: =IF(AND(O61="Low",P61="Low",Q61="Good"),"BUY / PRIORITIZE",IF(AND(O61="High",P61="High",OR(Q61="Poor",M61=TRUE())),"HOLD / REVIEW","MONITOR")) -> MONITOR | S61: =K61+(ROW()/10000000) -> 27.000006
A62: FB000061 | B62: Shoes | C62: Ann Taylor | D62: Summer | E62: M | F62: White | G62: 145.95 | H62: 6.6 | I62: 136.32 | J62: 2025-08-06 | K62: 15 | L62: 4 | M62: =FALSE() -> FALSE | O62: =IF(K62<=StockP33,"Low",IF(K62<=StockP67,"Moderate","High")) -> Low | P62: =IF(H62=0,"Low",IF(H62<=MarkdownP75,"Moderate","High")) -> Moderate | Q62: =IF(ISBLANK(L62),"Unknown",IF(L62>=4,"Good",IF(L62<=2,"Poor","Neutral"))) -> Good | R62: =IF(AND(O62="Low",P62="Low",Q62="Good"),"BUY / PRIORITIZE",IF(AND(O62="High",P62="High",OR(Q62="Poor",M62=TRUE())),"HOLD / REVIEW","MONITOR")) -> MONITOR | S62: =K62+(ROW()/10000000) -> 15.000006
A63: FB000062 | B63: Outerwear | C63: Gap | D63: Fall | E63: M | F63: Purple | G63: 218.42 | H63: 0 | I63: 218.42 | J63: 2025-08-06 | K63: 33 | L63: 4.4 | M63: =TRUE() -> TRUE | N63: Changed Mind | O63: =IF(K63<=StockP33,"Low",IF(K63<=StockP67,"Moderate","High")) -> Moderate | P63: =IF(H63=0,"Low",IF(H63<=MarkdownP75,"Moderate","High")) -> Low | Q63: =IF(ISBLANK(L63),"Unknown",IF(L63>=4,"Good",IF(L63<=2,"Poor","Neutral"))) -> Good | R63: =IF(AND(O63="Low",P63="Low",Q63="Good"),"BUY / PRIORITIZE",IF(AND(O63="High",P63="High",OR(Q63="Poor",M63=TRUE())),"HOLD / REVIEW","MONITOR")) -> MONITOR | S63: =K63+(ROW()/10000000) -> 33.000006
A64: FB000063 | B64: Accessories | C64: Forever21 | D64: Winter | F64: White | G64: 46.17 | H64: 1.1 | I64: 45.66 | J64: 2025-08-06 | K64: 30 | L64: 1.9 | M64: =FALSE() -> FALSE | O64: =IF(K64<=StockP33,"Low",IF(K64<=StockP67,"Moderate","High")) -> Moderate | P64: =IF(H64=0,"Low",IF(H64<=MarkdownP75,"Moderate","High")) -> Moderate | Q64: =IF(ISBLANK(L64),"Unknown",IF(L64>=4,"Good",IF(L64<=2,"Poor","Neutral"))) -> Poor | R64: =IF(AND(O64="Low",P64="Low",Q64="Good"),"BUY / PRIORITIZE",IF(AND(O64="High",P64="High",OR(Q64="Poor",M64=TRUE())),"HOLD / REVIEW","MONITOR")) -> MONITOR | S64: =K64+(ROW()/10000000) -> 30.000006
A65: FB000064 | B65: Shoes | C65: H&M | D65: Summer | F65: Green | G65: 106.18 | H65: 18 | I65: 87.07 | J65: 2025-08-06 | K65: 11 | L65: 4.5 | M65: =FALSE() -> FALSE | O65: =IF(K65<=StockP33,"Low",IF(K65<=StockP67,"Moderate","High")) -> Low | P65: =IF(H65=0,"Low",IF(H65<=MarkdownP75,"Moderate","High")) -> Moderate | Q65: =IF(ISBLANK(L65),"Unknown",IF(L65>=4,"Good",IF(L65<=2,"Poor","Neutral"))) -> Good | R65: =IF(AND(O65="Low",P65="Low",Q65="Good"),"BUY / PRIORITIZE",IF(AND(O65="High",P65="High",OR(Q65="Poor",M65=TRUE())),"HOLD / REVIEW","MONITOR")) -> MONITOR | S65: =K65+(ROW()/10000000) -> 11.000006
A66: FB000065 | B66: Tops | C66: Zara | D66: Winter | E66: XS | F66: Gray | G66: 93.33 | H66: 2.4 | I66: 91.09 | J66: 2025-08-06 | K66: 20 | L66: 4.2 | M66: =FALSE() -> FALSE | O66: =IF(K66<=StockP33,"Low",IF(K66<=StockP67,"Moderate","High")) -> Moderate | P66: =IF(H66=0,"Low",IF(H66<=MarkdownP75,"Moderate","High")) -> Moderate | Q66: =IF(ISBLANK(L66),"Unknown",IF(L66>=4,"Good",IF(L66<=2,"Poor","Neutral"))) -> Good | R66: =IF(AND(O66="Low",P66="Low",Q66="Good"),"BUY / PRIORITIZE",IF(AND(O66="High",P66="High",OR(Q66="Poor",M66=TRUE())),"HOLD / REVIEW","MONITOR")) -> MONITOR | S66: =K66+(ROW()/10000000) -> 20.000007
A67: FB000066 | B67: Bottoms | C67: Mango | D67: Spring | E67: XS | F67: White | G67: 86.54 | H67: 21.7 | I67: 67.76 | J67: 2025-06-01 | K67: 21 | L67: 3.6 | M67: =TRUE() -> TRUE | N67: Changed Mind | O67: =IF(K67<=StockP33,"Low",IF(K67<=StockP67,"Moderate","High")) -> Moderate | P67: =IF(H67=0,"Low",IF(H67<=MarkdownP75,"Moderate","High")) -> Moderate | Q67: =IF(ISBLANK(L67),"Unknown",IF(L67>=4,"Good",IF(L67<=2,"Poor","Neutral"))) -> Neutral | R67: =IF(AND(O67="Low",P67="Low",Q67="Good"),"BUY / PRIORITIZE",IF(AND(O67="High",P67="High",OR(Q67="Poor",M67=TRUE())),"HOLD / REVIEW","MONITOR")) -> MONITOR | S67: =K67+(ROW()/10000000) -> 21.000007
A68: FB000067 | B68: Accessories | C68: Ann Taylor | D68: Summer | F68: Green | G68: 55.57 | H68: 0 | I68: 55.57 | J68: 2025-08-06 | K68: 44 | L68: 3.8 | M68: =FALSE() -> FALSE | O68: =IF(K68<=StockP33,"Low",IF(K68<=StockP67,"Moderate","High")) -> High | P68: =IF(H68=0,"Low",IF(H68<=MarkdownP75,"Moderate","High")) -> Low | Q68: =IF(ISBLANK(L68),"Unknown",IF(L68>=4,"Good",IF(L68<=2,"Poor","Neutral"))) -> Neutral | R68: =IF(AND(O68="Low",P68="Low",Q68="Good"),"BUY / PRIORITIZE",IF(AND(O68="High",P68="High",OR(Q68="Poor",M68=TRUE())),"HOLD / REVIEW","MONITOR")) -> MONITOR | S68: =K68+(ROW()/10000000) -> 44.000007
A69: FB000068 | B69: Tops | C69: Forever21 | D69: Spring | E69: XL | F69: Black | G69: 76.5 | H69: 0 | I69: 76.5 | J69: 2025-01-26 | K69: 17 | L69: 4.6 | M69: =FALSE() -> FALSE | O69: =IF(K69<=StockP33,"Low",IF(K69<=StockP67,"Moderate","High")) -> Low | P69: =IF(H69=0,"Low",IF(H69<=MarkdownP75,"Moderate","High")) -> Low | Q69: =IF(ISBLANK(L69),"Unknown",IF(L69>=4,"Good",IF(L69<=2,"Poor","Neutral"))) -> Good | R69: =IF(AND(O69="Low",P69="Low",Q69="Good"),"BUY / PRIORITIZE",IF(AND(O69="High",P69="High",OR(Q69="Poor",M69=TRUE())),"HOLD / REVIEW","MONITOR")) -> BUY / PRIORITIZE | S69: =K69+(ROW()/10000000) -> 17.000007
A70: FB000069 | B70: Dresses | C70: Forever21 | D70: Spring | E70: XS | F70: Green | G70: 137.19 | H70: 9.5 | I70: 124.16 | J70: 2025-04-01 | K70: 17 | M70: =FALSE() -> FALSE | O70: =IF(K70<=StockP33,"Low",IF(K70<=StockP67,"Moderate","High")) -> Low | P70: =IF(H70=0,"Low",IF(H70<=MarkdownP75,"Moderate","High")) -> Moderate | Q70: =IF(ISBLANK(L70),"Unknown",IF(L70>=4,"Good",IF(L70<=2,"Poor","Neutral"))) -> Unknown | R70: =IF(AND(O70="Low",P70="Low",Q70="Good"),"BUY / PRIORITIZE",IF(AND(O70="High",P70="High",OR(Q70="Poor",M70=TRUE())),"HOLD / REVIEW","MONITOR")) -> MONITOR | S70: =K70+(ROW()/10000000) -> 17.000007
A71: FB000070 | B71: Tops | C71: Zara | D71: Summer | E71: XL | F71: Purple | G71: 48.92 | H71: 19.8 | I71: 39.23 | J71: 2025-08-06 | K71: 17 | L71: 2.6 | M71: =FALSE() -> FALSE | O71: =IF(K71<=StockP33,"Low",IF(K71<=StockP67,"Moderate","High")) -> Low | P71: =IF(H71=0,"Low",IF(H71<=MarkdownP75,"Moderate","High")) -> Moderate | Q71: =IF(ISBLANK(L71),"Unknown",IF(L71>=4,"Good",IF(L71<=2,"Poor","Neutral"))) -> Neutral | R71: =IF(AND(O71="Low",P71="Low",Q71="Good"),"BUY / PRIORITIZE",IF(AND(O71="High",P71="High",OR(Q71="Poor",M71=TRUE())),"HOLD / REVIEW","MONITOR")) -> MONITOR | S71: =K71+(ROW()/10000000) -> 17.000007
A72: FB000071 | B72: Shoes | C72: Ann Taylor | D72: Winter | E72: XL | F72: White | G72: 69.82 | H72: 0 | I72: 69.82 | J72: 2025-08-06 | K72: 46 | M72: =TRUE() -> TRUE | N72: Wrong Item | O72: =IF(K72<=StockP33,"Low",IF(K72<=StockP67,"Moderate","High")) -> High | P72: =IF(H72=0,"Low",IF(H72<=MarkdownP75,"Moderate","High")) -> Low | Q72: =IF(ISBLANK(L72),"Unknown",IF(L72>=4,"Good",IF(L72<=2,"Poor","Neutral"))) -> Unknown | R72: =IF(AND(O72="Low",P72="Low",Q72="Good"),"BUY / PRIORITIZE",IF(AND(O72="High",P72="High",OR(Q72="Poor",M72=TRUE())),"HOLD / REVIEW","MONITOR")) -> MONITOR | S72: =K72+(ROW()/10000000) -> 46.000007
A73: FB000072 | B73: Outerwear | C73: Mango | D73: Summer | E73: XXL | F73: Red | G73: 199.39 | H73: 7.4 | I73: 184.64 | J73: 2025-08-06 | K73: 49 | M73: =FALSE() -> FALSE | O73: =IF(K73<=StockP33,"Low",IF(K73<=StockP67,"Moderate","High")) -> High | P73: =IF(H73=0,"Low",IF(H73<=MarkdownP75,"Moderate","High")) -> Moderate | Q73: =IF(ISBLANK(L73),"Unknown",IF(L73>=4,"Good",IF(L73<=2,"Poor","Neutral"))) -> Unknown | R73: =IF(AND(O73="Low",P73="Low",Q73="Good"),"BUY / PRIORITIZE",IF(AND(O73="High",P73="High",OR(Q73="Poor",M73=TRUE())),"HOLD / REVIEW","MONITOR")) -> MONITOR | S73: =K73+(ROW()/10000000) -> 49.000007
A74: FB000073 | B74: Outerwear | C74: Banana Republic | D74: Summer | E74: M | F74: White | G74: 222.09 | H74: 55.2 | I74: 99.5 | J74: 2025-08-06 | K74: 21 | L74: 4.5 | M74: =FALSE() -> FALSE | O74: =IF(K74<=StockP33,"Low",IF(K74<=StockP67,"Moderate","High")) -> Moderate | P74: =IF(H74=0,"Low",IF(H74<=MarkdownP75,"Moderate","High")) -> High | Q74: =IF(ISBLANK(L74),"Unknown",IF(L74>=4,"Good",IF(L74<=2,"Poor","Neutral"))) -> Good | R74: =IF(AND(O74="Low",P74="Low",Q74="Good"),"BUY / PRIORITIZE",IF(AND(O74="High",P74="High",OR(Q74="Poor",M74=TRUE())),"HOLD / REVIEW","MONITOR")) -> MONITOR | S74: =K74+(ROW()/10000000) -> 21.000007
A75: FB000074 | B75: Tops | C75: Mango | D75: Fall | E75: XS | F75: Red | G75: 112.86 | H75: 0 | I75: 112.86 | J75: 2025-08-06 | K75: 8 | L75: 2.9 | M75: =FALSE() -> FALSE | O75: =IF(K75<=StockP33,"Low",IF(K75<=StockP67,"Moderate","High")) -> Low | P75: =IF(H75=0,"Low",IF(H75<=MarkdownP75,"Moderate","High")) -> Low | Q75: =IF(ISBLANK(L75),"Unknown",IF(L75>=4,"Good",IF(L75<=2,"Poor","Neutral"))) -> Neutral | R75: =IF(AND(O75="Low",P75="Low",Q75="Good"),"BUY / PRIORITIZE",IF(AND(O75="High",P75="High",OR(Q75="Poor",M75=TRUE())),"HOLD / REVIEW","MONITOR")) -> MONITOR | S75: =K75+(ROW()/10000000) -> 8.0000075
A76: FB000075 | B76: Dresses | C76: Mango | D76: Spring | E76: XS | F76: Green | G76: 100.96 | H76: 0 | I76: 100.96 | J76: 2025-05-10 | K76: 32 | L76: 3.3 | M76: =FALSE() -> FALSE | O76: =IF(K76<=StockP33,"Low",IF(K76<=StockP67,"Moderate","High")) -> Moderate | P76: =IF(H76=0,"Low",IF(H76<=MarkdownP75,"Moderate","High")) -> Low | Q76: =IF(ISBLANK(L76),"Unknown",IF(L76>=4,"Good",IF(L76<=2,"Poor","Neutral"))) -> Neutral | R76: =IF(AND(O76="Low",P76="Low",Q76="Good"),"BUY / PRIORITIZE",IF(AND(O76="High",P76="High",OR(Q76="Poor",M76=TRUE())),"HOLD / REVIEW","MONITOR")) -> MONITOR | S76: =K76+(ROW()/10000000) -> 32.000008
A77: FB000076 | B77: Outerwear | C77: Gap | D77: Spring | E77: XL | F77: Green | G77: 243.56 | H77: 48 | I77: 126.65 | J77: 2024-10-14 | K77: 22 | L77: 4.4 | M77: =TRUE() -> TRUE | N77: Changed Mind | O77: =IF(K77<=StockP33,"Low",IF(K77<=StockP67,"Moderate","High")) -> Moderate | P77: =IF(H77=0,"Low",IF(H77<=MarkdownP75,"Moderate","High")) -> High | Q77: =IF(ISBLANK(L77),"Unknown",IF(L77>=4,"Good",IF(L77<=2,"Poor","Neutral"))) -> Good | R77: =IF(AND(O77="Low",P77="Low",Q77="Good"),"BUY / PRIORITIZE",IF(AND(O77="High",P77="High",OR(Q77="Poor",M77=TRUE())),"HOLD / REVIEW","MONITOR")) -> MONITOR | S77: =K77+(ROW()/10000000) -> 22.000008
A78: FB000077 | B78: Dresses | C78: Mango | D78: Spring | E78: XXL | F78: Red | G78: 153.32 | H78: 0 | I78: 153.32 | J78: 2024-09-13 | K78: 43 | L78: 2.9 | M78: =FALSE() -> FALSE | O78: =IF(K78<=StockP33,"Low",IF(K78<=StockP67,"Moderate","High")) -> High | P78: =IF(H78=0,"Low",IF(H78<=MarkdownP75,"Moderate","High")) -> Low | Q78: =IF(ISBLANK(L78),"Unknown",IF(L78>=4,"Good",IF(L78<=2,"Poor","Neutral"))) -> Neutral | R78: =IF(AND(O78="Low",P78="Low",Q78="Good"),"BUY / PRIORITIZE",IF(AND(O78="High",P78="High",OR(Q78="Poor",M78=TRUE())),"HOLD / REVIEW","MONITOR")) -> MONITOR | S78: =K78+(ROW()/10000000) -> 43.000008
A79: FB000078 | B79: Accessories | C79: Uniqlo | D79: Fall | F79: Purple | G79: 42.95 | H79: 22.5 | I79: 33.29 | J79: 2025-08-06 | K79: 7 | L79: 1.9 | M79: =TRUE() -> TRUE | N79: Size Issue | O79: =IF(K79<=StockP33,"Low",IF(K79<=StockP67,"Moderate","High")) -> Low | P79: =IF(H79=0,"Low",IF(H79<=MarkdownP75,"Moderate","High")) -> High | Q79: =IF(ISBLANK(L79),"Unknown",IF(L79>=4,"Good",IF(L79<=2,"Poor","Neutral"))) -> Poor | R79: =IF(AND(O79="Low",P79="Low",Q79="Good"),"BUY / PRIORITIZE",IF(AND(O79="High",P79="High",OR(Q79="Poor",M79=TRUE())),"HOLD / REVIEW","MONITOR")) -> MONITOR | S79: =K79+(ROW()/10000000) -> 7.0000079
A80: FB000079 | B80: Tops | C80: H&M | D80: Summer | E80: S | F80: Green | G80: 30.79 | H80: 0 | I80: 30.79 | J80: 2025-08-06 | K80: 36 | L80: 3.4 | M80: =FALSE() -> FALSE | O80: =IF(K80<=StockP33,"Low",IF(K80<=StockP67,"Moderate","High")) -> High | P80: =IF(H80=0,"Low",IF(H80<=MarkdownP75,"Moderate","High")) -> Low | Q80: =IF(ISBLANK(L80),"Unknown",IF(L80>=4,"Good",IF(L80<=2,"Poor","Neutral"))) -> Neutral | R80: =IF(AND(O80="Low",P80="Low",Q80="Good"),"BUY / PRIORITIZE",IF(AND(O80="High",P80="High",OR(Q80="Poor",M80=TRUE())),"HOLD / REVIEW","MONITOR")) -> MONITOR | S80: =K80+(ROW()/10000000) -> 36.000008
A81: FB000080 | B81: Accessories | C81: Uniqlo | D81: Fall | F81: Brown | G81: 59.85 | H81: 0 | I81: 59.85 | J81: 2025-08-06 | K81: 38 | L81: 4 | M81: =FALSE() -> FALSE | O81: =IF(K81<=StockP33,"Low",IF(K81<=StockP67,"Moderate","High")) -> High | P81: =IF(H81=0,"Low",IF(H81<=MarkdownP75,"Moderate","High")) -> Low | Q81: =IF(ISBLANK(L81),"Unknown",IF(L81>=4,"Good",IF(L81<=2,"Poor","Neutral"))) -> Good | R81: =IF(AND(O81="Low",P81="Low",Q81="Good"),"BUY / PRIORITIZE",IF(AND(O81="High",P81="High",OR(Q81="Poor",M81=TRUE())),"HOLD / REVIEW","MONITOR")) -> MONITOR | S81: =K81+(ROW()/10000000) -> 38.000008
A82: FB000081 | B82: Tops | C82: Banana Republic | D82: Spring | E82: S | F82: Navy | G82: 78.16 | H82: 19.1 | I82: 63.23 | J82: 2025-07-25 | K82: 23 | M82: =FALSE() -> FALSE | O82: =IF(K82<=StockP33,"Low",IF(K82<=StockP67,"Moderate","High")) -> Moderate | P82: =IF(H82=0,"Low",IF(H82<=MarkdownP75,"Moderate","High")) -> Moderate | Q82: =IF(ISBLANK(L82),"Unknown",IF(L82>=4,"Good",IF(L82<=2,"Poor","Neutral"))) -> Unknown | R82: =IF(AND(O82="Low",P82="Low",Q82="Good"),"BUY / PRIORITIZE",IF(AND(O82="High",P82="High",OR(Q82="Poor",M82=TRUE())),"HOLD / REVIEW","MONITOR")) -> MONITOR | S82: =K82+(ROW()/10000000) -> 23.000008
A83: FB000082 | B83: Tops | C83: Ann Taylor | D83: Fall | E83: M | F83: White | G83: 113.17 | H83: 19.1 | I83: 91.55 | J83: 2025-08-06 | K83: 15 | L83: 4.9 | M83: =FALSE() -> FALSE | O83: =IF(K83<=StockP33,"Low",IF(K83<=StockP67,"Moderate","High")) -> Low | P83: =IF(H83=0,"Low",IF(H83<=MarkdownP75,"Moderate","High")) -> Moderate | Q83: =IF(ISBLANK(L83),"Unknown",IF(L83>=4,"Good",IF(L83<=2,"Poor","Neutral"))) -> Good | R83: =IF(AND(O83="Low",P83="Low",Q83="Good"),"BUY / PRIORITIZE",IF(AND(O83="High",P83="High",OR(Q83="Poor",M83=TRUE())),"HOLD / REVIEW","MONITOR")) -> MONITOR | S83: =K83+(ROW()/10000000) -> 15.000008
A84: FB000083 | B84: Dresses | C84: Ann Taylor | D84: Winter | E84: S | F84: Blue | G84: 174.13 | H84: 0 | I84: 174.13 | J84: 2025-08-06 | K84: 34 | L84: 3.7 | M84: =FALSE() -> FALSE | O84: =IF(K84<=StockP33,"Low",IF(K84<=StockP67,"Moderate","High")) -> High | P84: =IF(H84=0,"Low",IF(H84<=MarkdownP75,"Moderate","High")) -> Low | Q84: =IF(ISBLANK(L84),"Unknown",IF(L84>=4,"Good",IF(L84<=2,"Poor","Neutral"))) -> Neutral | R84: =IF(AND(O84="Low",P84="Low",Q84="Good"),"BUY / PRIORITIZE",IF(AND(O84="High",P84="High",OR(Q84="Poor",M84=TRUE())),"HOLD / REVIEW","MONITOR")) -> MONITOR | S84: =K84+(ROW()/10000000) -> 34.000008
A85: FB000084 | B85: Shoes | C85: Zara | D85: Summer | E85: XS | F85: Purple | G85: 191.96 | H85: 0 | I85: 191.96 | J85: 2025-08-06 | K85: 50 | M85: =FALSE() -> FALSE | O85: =IF(K85<=StockP33,"Low",IF(K85<=StockP67,"Moderate","High")) -> High | P85: =IF(H85=0,"Low",IF(H85<=MarkdownP75,"Moderate","High")) -> Low | Q85: =IF(ISBLANK(L85),"Unknown",IF(L85>=4,"Good",IF(L85<=2,"Poor","Neutral"))) -> Unknown | R85: =IF(AND(O85="Low",P85="Low",Q85="Good"),"BUY / PRIORITIZE",IF(AND(O85="High",P85="High",OR(Q85="Poor",M85=TRUE())),"HOLD / REVIEW","MONITOR")) -> MONITOR | S85: =K85+(ROW()/10000000) -> 50.000008
A86: FB000085 | B86: Outerwear | C86: Ann Taylor | D86: Spring | E86: XL | F86: Beige | G86: 222.55 | H86: 22.6 | I86: 172.25 | J86: 2025-02-10 | K86: 50 | M86: =FALSE() -> FALSE | O86: =IF(K86<=StockP33,"Low",IF(K86<=StockP67,"Moderate","High")) -> High | P86: =IF(H86=0,"Low",IF(H86<=MarkdownP75,"Moderate","High")) -> High | Q86: =IF(ISBLANK(L86),"Unknown",IF(L86>=4,"Good",IF(L86<=2,"Poor","Neutral"))) -> Unknown | R86: =IF(AND(O86="Low",P86="Low",Q86="Good"),"BUY / PRIORITIZE",IF(AND(O86="High",P86="High",OR(Q86="Poor",M86=TRUE())),"HOLD / REVIEW","MONITOR")) -> MONITOR | S86: =K86+(ROW()/10000000) -> 50.000009
A87: FB000086 | B87: Bottoms | C87: Forever21 | D87: Winter | E87: XS | F87: Black | G87: 37.85 | H87: 11.9 | I87: 33.35 | J87: 2025-08-06 | K87: 45 | L87: 3.4 | M87: =TRUE() -> TRUE | N87: Changed Mind | O87: =IF(K87<=StockP33,"Low",IF(K87<=StockP67,"Moderate","High")) -> High | P87: =IF(H87=0,"Low",IF(H87<=MarkdownP75,"Moderate","High")) -> Moderate | Q87: =IF(ISBLANK(L87),"Unknown",IF(L87>=4,"Good",IF(L87<=2,"Poor","Neutral"))) -> Neutral | R87: =IF(AND(O87="Low",P87="Low",Q87="Good"),"BUY / PRIORITIZE",IF(AND(O87="High",P87="High",OR(Q87="Poor",M87=TRUE())),"HOLD / REVIEW","MONITOR")) -> MONITOR | S87: =K87+(ROW()/10000000) -> 45.000009
A88: FB000087 | B88: Outerwear | C88: Uniqlo | D88: Summer | E88: M | F88: Gray | G88: 241.09 | H88: 0 | I88: 241.09 | J88: 2025-08-06 | K88: 26 | M88: =FALSE() -> FALSE | O88: =IF(K88<=StockP33,"Low",IF(K88<=StockP67,"Moderate","High")) -> Moderate | P88: =IF(H88=0,"Low",IF(H88<=MarkdownP75,"Moderate","High")) -> Low | Q88: =IF(ISBLANK(L88),"Unknown",IF(L88>=4,"Good",IF(L88<=2,"Poor","Neutral"))) -> Unknown | R88: =IF(AND(O88="Low",P88="Low",Q88="Good"),"BUY / PRIORITIZE",IF(AND(O88="High",P88="High",OR(Q88="Poor",M88=TRUE())),"HOLD / REVIEW","MONITOR")) -> MONITOR | S88: =K88+(ROW()/10000000) -> 26.000009
A89: FB000088 | B89: Dresses | C89: Banana Republic | D89: Spring | E89: S | F89: Navy | G89: 136.97 | H89: 0 | I89: 136.97 | J89: 2024-10-25 | K89: 17 | L89: 4.4 | M89: =TRUE() -> TRUE | N89: Quality Issue | O89: =IF(K89<=StockP33,"Low",IF(K89<=StockP67,"Moderate","High")) -> Low | P89: =IF(H89=0,"Low",IF(H89<=MarkdownP75,"Moderate","High")) -> Low | Q89: =IF(ISBLANK(L89),"Unknown",IF(L89>=4,"Good",IF(L89<=2,"Poor","Neutral"))) -> Good | R89: =IF(AND(O89="Low",P89="Low",Q89="Good"),"BUY / PRIORITIZE",IF(AND(O89="High",P89="High",OR(Q89="Poor",M89=TRUE())),"HOLD / REVIEW","MONITOR")) -> BUY / PRIORITIZE | S89: =K89+(ROW()/10000000) -> 17.000009
A90: FB000089 | B90: Shoes | C90: H&M | D90: Spring | E90: M | F90: Blue | G90: 113.79 | H90: 55.3 | I90: 50.86 | J90: 2024-12-29 | K90: 47 | L90: 4.1 | M90: =FALSE() -> FALSE | O90: =IF(K90<=StockP33,"Low",IF(K90<=StockP67,"Moderate","High")) -> High | P90: =IF(H90=0,"Low",IF(H90<=MarkdownP75,"Moderate","High")) -> High | Q90: =IF(ISBLANK(L90),"Unknown",IF(L90>=4,"Good",IF(L90<=2,"Poor","Neutral"))) -> Good | R90: =IF(AND(O90="Low",P90="Low",Q90="Good"),"BUY / PRIORITIZE",IF(AND(O90="High",P90="High",OR(Q90="Poor",M90=TRUE())),"HOLD / REVIEW","MONITOR")) -> MONITOR | S90: =K90+(ROW()/10000000) -> 47.000009
A91: FB000090 | B91: Bottoms | C91: H&M | D91: Summer | E91: XXL | F91: White | G91: 93.23 | H91: 40 | I91: 55.94 | J91: 2025-08-06 | K91: 46 | L91: 1.9 | M91: =FALSE() -> FALSE | O91: =IF(K91<=StockP33,"Low",IF(K91<=StockP67,"Moderate","High")) -> High | P91: =IF(H91=0,"Low",IF(H91<=MarkdownP75,"Moderate","High")) -> High | Q91: =IF(ISBLANK(L91),"Unknown",IF(L91>=4,"Good",IF(L91<=2,"Poor","Neutral"))) -> Poor | R91: =IF(AND(O91="Low",P91="Low",Q91="Good"),"BUY / PRIORITIZE",IF(AND(O91="High",P91="High",OR(Q91="Poor",M91=TRUE())),"HOLD / REVIEW","MONITOR")) -> HOLD / REVIEW | S91: =K91+(ROW()/10000000) -> 46.000009
A92: FB000091 | B92: Shoes | C92: Uniqlo | D92: Spring | E92: S | F92: Navy | G92: 106.24 | H92: 6.4 | I92: 99.44 | J92: 2024-09-09 | K92: 50 | L92: 1.5 | M92: =FALSE() -> FALSE | O92: =IF(K92<=StockP33,"Low",IF(K92<=StockP67,"Moderate","High")) -> High | P92: =IF(H92=0,"Low",IF(H92<=MarkdownP75,"Moderate","High")) -> Moderate | Q92: =IF(ISBLANK(L92),"Unknown",IF(L92>=4,"Good",IF(L92<=2,"Poor","Neutral"))) -> Poor | R92: =IF(AND(O92="Low",P92="Low",Q92="Good"),"BUY / PRIORITIZE",IF(AND(O92="High",P92="High",OR(Q92="Poor",M92=TRUE())),"HOLD / REVIEW","MONITOR")) -> MONITOR | S92: =K92+(ROW()/10000000) -> 50.000009
A93: FB000092 | B93: Accessories | C93: Zara | D93: Winter | F93: Brown | G93: 30.95 | H93: 0 | I93: 30.95 | J93: 2025-08-06 | K93: 27 | L93: 3.1 | M93: =TRUE() -> TRUE | N93: Changed Mind | O93: =IF(K93<=StockP33,"Low",IF(K93<=StockP67,"Moderate","High")) -> Moderate | P93: =IF(H93=0,"Low",IF(H93<=MarkdownP75,"Moderate","High")) -> Low | Q93: =IF(ISBLANK(L93),"Unknown",IF(L93>=4,"Good",IF(L93<=2,"Poor","Neutral"))) -> Neutral | R93: =IF(AND(O93="Low",P93="Low",Q93="Good"),"BUY / PRIORITIZE",IF(AND(O93="High",P93="High",OR(Q93="Poor",M93=TRUE())),"HOLD / REVIEW","MONITOR")) -> MONITOR | S93: =K93+(ROW()/10000000) -> 27.000009
A94: FB000093 | B94: Shoes | C94: Zara | D94: Summer | E94: S | F94: Black | G94: 76.92 | H94: 49.5 | I94: 38.84 | J94: 2025-08-06 | K94: 7 | L94: 1.1 | M94: =FALSE() -> FALSE | O94: =IF(K94<=StockP33,"Low",IF(K94<=StockP67,"Moderate","High")) -> Low | P94: =IF(H94=0,"Low",IF(H94<=MarkdownP75,"Moderate","High")) -> High | Q94: =IF(ISBLANK(L94),"Unknown",IF(L94>=4,"Good",IF(L94<=2,"Poor","Neutral"))) -> Poor | R94: =IF(AND(O94="Low",P94="Low",Q94="Good"),"BUY / PRIORITIZE",IF(AND(O94="High",P94="High",OR(Q94="Poor",M94=TRUE())),"HOLD / REVIEW","MONITOR")) -> MONITOR | S94: =K94+(ROW()/10000000) -> 7.0000094
A95: FB000094 | B95: Bottoms | C95: H&M | D95: Fall | E95: XS | F95: Beige | G95: 80.64 | H95: 0 | I95: 80.64 | J95: 2025-08-06 | K95: 26 | M95: =FALSE() -> FALSE | O95: =IF(K95<=StockP33,"Low",IF(K95<=StockP67,"Moderate","High")) -> Moderate | P95: =IF(H95=0,"Low",IF(H95<=MarkdownP75,"Moderate","High")) -> Low | Q95: =IF(ISBLANK(L95),"Unknown",IF(L95>=4,"Good",IF(L95<=2,"Poor","Neutral"))) -> Unknown | R95: =IF(AND(O95="Low",P95="Low",Q95="Good"),"BUY / PRIORITIZE",IF(AND(O95="High",P95="High",OR(Q95="Poor",M95=TRUE())),"HOLD / REVIEW","MONITOR")) -> MONITOR | S95: =K95+(ROW()/10000000) -> 26.00001
A96: FB000095 | B96: Bottoms | C96: Zara | D96: Fall | E96: XS | F96: Beige | G96: 32.46 | H96: 52.4 | I96: 15.45 | J96: 2025-08-06 | K96: 14 | L96: 3.9 | M96: =FALSE() -> FALSE | O96: =IF(K96<=StockP33,"Low",IF(K96<=StockP67,"Moderate","High")) -> Low | P96: =IF(H96=0,"Low",IF(H96<=MarkdownP75,"Moderate","High")) -> High | Q96: =IF(ISBLANK(L96),"Unknown",IF(L96>=4,"Good",IF(L96<=2,"Poor","Neutral"))) -> Neutral | R96: =IF(AND(O96="Low",P96="Low",Q96="Good"),"BUY / PRIORITIZE",IF(AND(O96="High",P96="High",OR(Q96="Poor",M96=TRUE())),"HOLD / REVIEW","MONITOR")) -> MONITOR | S96: =K96+(ROW()/10000000) -> 14.00001
A97: FB000096 | B97: Accessories | C97: Gap | D97: Summer | F97: Black | G97: 54.79 | H97: 0 | I97: 54.79 | J97: 2025-08-06 | K97: 12 | L97: 4.5 | M97: =FALSE() -> FALSE | O97: =IF(K97<=StockP33,"Low",IF(K97<=StockP67,"Moderate","High")) -> Low | P97: =IF(H97=0,"Low",IF(H97<=MarkdownP75,"Moderate","High")) -> Low | Q97: =IF(ISBLANK(L97),"Unknown",IF(L97>=4,"Good",IF(L97<=2,"Poor","Neutral"))) -> Good | R97: =IF(AND(O97="Low",P97="Low",Q97="Good"),"BUY / PRIORITIZE",IF(AND(O97="High",P97="High",OR(Q97="Poor",M97=TRUE())),"HOLD / REVIEW","MONITOR")) -> BUY / PRIORITIZE | S97: =K97+(ROW()/10000000) -> 12.00001
A98: FB000097 | B98: Bottoms | C98: H&M | D98: Winter | E98: M | F98: Pink | G98: 71.14 | H98: 56.4 | I98: 31.02 | J98: 2025-08-06 | K98: 12 | L98: 3.4 | M98: =FALSE() -> FALSE | O98: =IF(K98<=StockP33,"Low",IF(K98<=StockP67,"Moderate","High")) -> Low | P98: =IF(H98=0,"Low",IF(H98<=MarkdownP75,"Moderate","High")) -> High | Q98: =IF(ISBLANK(L98),"Unknown",IF(L98>=4,"Good",IF(L98<=2,"Poor","Neutral"))) -> Neutral | R98: =IF(AND(O98="Low",P98="Low",Q98="Good"),"BUY / PRIORITIZE",IF(AND(O98="High",P98="High",OR(Q98="Poor",M98=TRUE())),"HOLD / REVIEW","MONITOR")) -> MONITOR | S98: =K98+(ROW()/10000000) -> 12.00001
A99: FB000098 | B99: Bottoms | C99: Ann Taylor | D99: Summer | E99: XXL | F99: Navy | G99: 57.85 | H99: 0 | I99: 57.85 | J99: 2025-08-06 | K99: 36 | L99: 3.5 | M99: =FALSE() -> FALSE | O99: =IF(K99<=StockP33,"Low",IF(K99<=StockP67,"Moderate","High")) -> High | P99: =IF(H99=0,"Low",IF(H99<=MarkdownP75,"Moderate","High")) -> Low | Q99: =IF(ISBLANK(L99),"Unknown",IF(L99>=4,"Good",IF(L99<=2,"Poor","Neutral"))) -> Neutral | R99: =IF(AND(O99="Low",P99="Low",Q99="Good"),"BUY / PRIORITIZE",IF(AND(O99="High",P99="High",OR(Q99="Poor",M99=TRUE())),"HOLD / REVIEW","MONITOR")) -> MONITOR | S99: =K99+(ROW()/10000000) -> 36.00001
A100: FB000099 | B100: Bottoms | C100: Zara | D100: Summer | E100: XS | F100: Green | G100: 33.37 | H100: 3 | I100: 32.37 | J100: 2025-08-06 | K100: 40 | L100: 1.3 | M100: =FALSE() -> FALSE | O100: =IF(K100<=StockP33,"Low",IF(K100<=StockP67,"Moderate","High")) -> High | P100: =IF(H100=0,"Low",IF(H100<=MarkdownP75,"Moderate","High")) -> Moderate | Q100: =IF(ISBLANK(L100),"Unknown",IF(L100>=4,"Good",IF(L100<=2,"Poor","Neutral"))) -> Poor | R100: =IF(AND(O100="Low",P100="Low",Q100="Good"),"BUY / PRIORITIZE",IF(AND(O100="High",P100="High",OR(Q100="Poor",M100=TRUE())),"HOLD / REVIEW","MONITOR")) -> MONITOR | S100: =K100+(ROW()/10000000) -> 40.00001
...

Sheet Assumptions
A1: Assumption | B1: Value
A2: Stock P33 (tercile cutoff) | B2: =PERCENTILE('Raw Data'!$K$2:$K$2177,1/3) -> 17
A3: Stock P67 (tercile cutoff) | B3: =PERCENTILE('Raw Data'!$K$2:$K$2177,2/3) -> 33
A4: Markdown P75 (High cutoff) | B4: =PERCENTILE('Raw Data'!$H$2:$H$2177,0.75) -> 22.425
A5: Overall Avg Markdown % | B5: =AVERAGE('Raw Data'!$H$2:$H$2177) -> 12.144715
A6: Overall Return Rate | B6: =SUMPRODUCT(--('Raw Data'!$M$2:$M$2177))/COUNTA('Raw Data'!$M$2:$M$2177) -> 0.14705882
A7: Total Inventory | B7: =SUM('Raw Data'!$K$2:$K$2177) -> 54265
A8: Total Products | B8: =COUNTA('Raw Data'!$A$2:$A$2177) -> 2176
A9: Avg Current Price | B9: =AVERAGE('Raw Data'!$I$2:$I$2177) -> 85.499596
